causal_status,confidence,dataset_count,delta_mean,negative_count,opportunity_metric,opportunity_status,positive_count,row_count,structural_source
observational,low_observational_summary,24,-0.0009955875014718372,1,unavailable_from_audited_long_table,not_identifiable_without_artifact_complete_control,1,76,PCA-kNN/reliability graph
observational,low_observational_summary,6,-0.21088608960435784,14,unavailable_from_audited_long_table,not_identifiable_without_artifact_complete_control,3,18,SVD-kNN topology statistics
observational,low_observational_summary,149,-0.10759555268102518,643,unavailable_from_audited_long_table,not_identifiable_without_artifact_complete_control,171,1338,latent relation/affinity
observational,low_observational_summary,4,0.01016842373442294,0,unavailable_from_audited_long_table,not_identifiable_without_artifact_complete_control,4,16,latent topology
observational,low_observational_summary,8,-0.07561128096096913,7,unavailable_from_audited_long_table,not_identifiable_without_artifact_complete_control,4,30,neighbor graph
observational,low_observational_summary,22,-0.005907264898449443,9,unavailable_from_audited_long_table,not_identifiable_without_artifact_complete_control,9,66,neighbor/topology graph
observational,low_observational_summary,8,0.015732429687126733,0,unavailable_from_audited_long_table,not_identifiable_without_artifact_complete_control,2,24,predictive graph
observational,low_observational_summary,3,-0.019822938397388412,2,unavailable_from_audited_long_table,not_identifiable_without_artifact_complete_control,0,9,reliable graph
observational,low_observational_summary,5,-0.002547620690699901,4,unavailable_from_audited_long_table,not_identifiable_without_artifact_complete_control,0,60,topological/predictive graph
