ACC_mean,ACC_std,ARI_mean,ARI_std,NMI_mean,NMI_std,dataset_group,dataset_id,fit_seconds_mean,fit_seconds_std,gate_density_spearman_mean,gate_density_spearman_std,gate_intrinsic_dimension_spearman_mean,gate_intrinsic_dimension_spearman_std,labels_used_during_fit,n_completed,n_requested,neighbor_label_purity_post_fit_mean_mean,neighbor_label_purity_post_fit_mean_std,peak_cuda_allocated_bytes_mean,peak_cuda_allocated_bytes_std,status,variant,wall_seconds_mean,wall_seconds_std
0.5864050275747081,0.03015362929247106,0.5146965886489333,0.03143516369543419,0.7401689793423334,0.0182150506185433,general,ISOLET,82.32341676745564,1.4181986842708412,,,,,False,5,5,0.8030524849891663,0.0,96512512.0,0.0,completed,F_matched_total_mix,95.705179653503,4.762973004735201
0.5976657688854687,0.012977171030540927,0.5154407179871539,0.01102968639382674,0.7378079704539052,0.008552259324575238,general,ISOLET,100.44006764292718,1.7207412534741973,0.8304968007345955,1.2412670766236366e-16,-0.37144569266720223,0.0,False,5,5,0.8030524849891663,0.0,96512512.0,0.0,completed,T_beta_no_mutual,106.75127975288778,2.8133299352282934
0.6006669231755805,0.024542153028479292,0.5230101791011966,0.020070555509099117,0.744664698401196,0.010879052861215543,general,ISOLET,101.20962506812066,1.5019970812722412,0.4585672684715073,0.0,-0.3430193448283333,0.0,False,5,5,0.8030524849891663,0.0,96512512.0,0.0,completed,T_beta_no_perturb,108.19933716841042,1.6100665851431721
0.6001795562395793,0.018467662037769294,0.522810088066927,0.026723944900476092,0.7443958766614254,0.011618612564361528,general,ISOLET,100.41384158078581,1.09263153641743,0.64306856222756,0.0,-0.31187362210321545,0.0,False,5,5,0.8030524849891663,0.0,96512512.0,0.0,completed,T_beta_no_snn,107.6769501838833,3.113696567875224
0.6018725150698987,0.0056667573944372066,0.5260437450772386,0.020180850973347677,0.7460701379059206,0.012386673838792654,general,ISOLET,99.44243446756154,2.4717926832924655,0.6468478962648038,0.0,-0.3577633932243963,0.0,False,5,5,0.8030524849891663,0.0,96512512.0,0.0,completed,T_edge_none,110.56686490736902,6.935426051770981
0.6001795562395793,0.006039273449551769,0.520958370155862,0.011293634699096075,0.7441367985966238,0.008877602904687174,general,ISOLET,90.61802168246359,2.35725213894964,0.6468478962648038,0.0,-0.3577633932243963,0.0,False,5,5,0.8030524849891663,0.0,96512512.0,0.0,completed,T_edge_sim,96.01994513981045,2.5628086434603152
0.6020264204181095,0.01600228139152985,0.525954566167209,0.01906901753253448,0.7442654443900942,0.00950470902416418,general,ISOLET,95.14344013202935,2.8400332804888815,0.6468478962648038,0.0,-0.3577633932243963,0.0,False,5,5,0.8030524849891663,0.0,96512512.0,0.0,completed,T_edge_sim_mutual,101.82031866237521,4.452995912181626
0.5993074259330511,0.021484899352630225,0.5270640270302301,0.03315353896234099,0.744444441149161,0.019336941376059257,general,ISOLET,96.60584142673761,2.3800194292706545,0.6468478962648038,0.0,-0.3577633932243963,0.0,False,5,5,0.8030524849891663,0.0,96512512.0,0.0,completed,T_edge_sim_mutual_snn,103.2902288198471,3.7432992884110723
0.599461331281262,0.019062513032578197,0.5163864529669175,0.02231284504732444,0.7403056544199342,0.012290707958056715,general,ISOLET,97.66333014853299,3.6221148511508083,0.6468478962648038,0.0,-0.3577633932243963,0.0,False,5,5,0.8030524849891663,0.0,96512512.0,0.0,completed,T_edge_sim_mutual_snn_distance,103.36117254011333,4.225311266813273
0.5873541105553418,0.024621114674573112,0.5180963919047065,0.014674388967181425,0.7412779144028929,0.011471663257547851,general,ISOLET,102.21251544635743,0.5801368342112693,,,,,False,5,5,0.8030524849891663,0.0,96512512.0,0.0,completed,T_fixed_mean_gate,115.5610381539911,5.47689812417758
0.5993074259330511,0.021484899352630225,0.5270640270302301,0.03315353896234099,0.744444441149161,0.019336941376059257,general,ISOLET,97.32182849030941,3.6740150861547978,0.6468478962648038,0.0,-0.3577633932243963,0.0,False,5,5,0.8030524849891663,0.0,96512512.0,0.0,completed,T_full,109.84686622004956,2.877413571308061
0.6,0.010271732823652919,0.5356898604494681,0.012007853417875258,0.747696017050709,0.003796008971214808,general,ISOLET,41.23772276379168,1.1843949323411274,,,,,False,5,5,,,89379328.0,0.0,completed,T_no_vicinal,53.274284466169775,3.628404440039274
0.5877388739258689,0.02903747182064171,0.5226471933158373,0.035045737375114676,0.743661457476315,0.01826158027695632,general,ISOLET,95.32822312638163,0.6965192437393919,0.6468478962648038,0.0,-0.3577633932243963,0.0,False,5,5,0.8030524849891663,0.0,96512512.0,0.0,completed,T_random_neighbor,106.27978691384196,3.724306042793883
0.6026933435936899,0.028514689680738493,0.5239385722110147,0.02506237614722812,0.7454625320376739,0.015801413215056882,general,ISOLET,102.29126357026398,0.5776873207603357,0.0002875167433181223,0.00655777159793691,-0.007895420604944896,0.008351888906208435,False,5,5,0.8030524849891663,0.0,96512512.0,0.0,completed,T_shuffled_gate,114.09107294585556,5.207289571626853
0.597896626907785,0.01850298916591154,0.5270958350312759,0.020422752903193245,0.7453996760618846,0.008823329453303004,general,ISOLET,81.95814584717155,0.6934602936495737,0.6468478962648038,0.0,-0.3577633932243963,0.0,False,5,5,0.8030524849891663,0.0,96512512.0,0.0,completed,T_uniform_pseudo_loss,93.54203731045126,2.304925693471433
0.9868295019157088,0.001561111687069613,0.9530263450694925,0.00551907216189739,0.9214449182766529,0.005447261020364503,biological,Mouse_retina,100.19397641047836,1.3926933657844418,,,,,False,5,5,0.99708331823349,0.00016881178941590192,201382912.0,0.0,completed,F_matched_total_mix,106.2789382752031,0.909713601629747
0.9910201149425287,0.001215145062870246,0.9682579363156728,0.004279307257439417,0.939374988235236,0.005021657180708143,biological,Mouse_retina,107.68328725323082,3.0296514475491385,0.8672453843983655,0.0025606463721495154,-0.2704225129320792,0.008447225193841397,False,5,5,0.99708331823349,0.00016881178941590192,201382912.0,0.0,completed,T_beta_no_mutual,114.44923789650201,2.6356848272228786
0.9897749042145593,0.0012688181792853146,0.9637083118680397,0.004452474604984306,0.9340022285698433,0.005246944359015612,biological,Mouse_retina,105.51092935968191,2.6405703120950967,0.25267811175878613,0.016273235386168858,-0.44095497575292564,0.00809204311589632,False,5,5,0.99708331823349,0.00016881178941590192,201382912.0,0.0,completed,T_beta_no_perturb,114.70833084341139,2.4175935148831376
0.990852490421456,0.0012772639227102288,0.9676415575461201,0.004553135946132972,0.9384044794576643,0.005152181785598327,biological,Mouse_retina,105.77991332318634,2.6268436304233798,0.646374291675708,0.009986707153418217,-0.3437424751319453,0.009425368909511385,False,5,5,0.99708331823349,0.00016881178941590192,201382912.0,0.0,completed,T_beta_no_snn,114.64919445384294,1.518484961539054
0.9908045977011494,0.001309955641437513,0.9674690386464985,0.004673304017387689,0.9382865016035595,0.005014890504849392,biological,Mouse_retina,131.51581121254713,1.1029521597657443,0.6177843524115805,0.009094419364685516,-0.39249610055323647,0.00912771873045507,False,5,5,0.99708331823349,0.00016881178941590192,201382912.0,0.0,completed,T_edge_none,140.41191791836172,1.0664208772303658
0.9907088122605364,0.0013132346344057514,0.9671148533480443,0.004631619050764522,0.937722011302375,0.005176083285912512,biological,Mouse_retina,130.94414776396007,1.514444266282719,0.6177843524115805,0.009094419364685516,-0.39249610055323647,0.00912771873045507,False,5,5,0.99708331823349,0.00016881178941590192,201382912.0,0.0,completed,T_edge_sim,139.3034911667928,1.5006106114684594
0.990756704980843,0.0013208539626936382,0.9672136922163592,0.004706322530164514,0.938055458246773,0.005118716480158212,biological,Mouse_retina,127.93232156820595,1.7224118542227265,0.6177843524115805,0.009094419364685516,-0.39249610055323647,0.00912771873045507,False,5,5,0.99708331823349,0.00016881178941590192,201382912.0,0.0,completed,T_edge_sim_mutual,135.38205665573477,3.138841909946156
0.9908285440613028,0.001216913404911129,0.9675539289124593,0.004299573305739216,0.938309561329371,0.004759797207070778,biological,Mouse_retina,125.22904242426156,2.149693240441442,0.6177843524115805,0.009094419364685516,-0.39249610055323647,0.00912771873045507,False,5,5,0.99708331823349,0.00016881178941590192,201382912.0,0.0,completed,T_edge_sim_mutual_snn,131.86833454445005,2.0662938950602237
0.990756704980843,0.0012906621626640072,0.9672916747345666,0.004536906418294828,0.9379986576733611,0.005082021842812329,biological,Mouse_retina,116.10766867548227,6.540158070947397,0.6177843524115805,0.009094419364685516,-0.39249610055323647,0.00912771873045507,False,5,5,0.99708331823349,0.00016881178941590192,201382912.0,0.0,completed,T_edge_sim_mutual_snn_distance,122.16446784064173,6.626367117505102
0.9868534482758621,0.001657755856208979,0.9531152377620545,0.005891608777648687,0.9217150647627085,0.005993774266873835,biological,Mouse_retina,130.0824745999649,1.2158247023818856,,,,,False,5,5,0.99708331823349,0.00016881178941590192,201382912.0,0.0,completed,T_fixed_mean_gate,136.72490127682687,1.7431359154084372
0.9908285440613028,0.001216913404911129,0.9675539289124593,0.004299573305739216,0.938309561329371,0.004759797207070778,biological,Mouse_retina,134.2224650496617,0.919320494276547,0.6177843524115805,0.009094419364685516,-0.39249610055323647,0.00912771873045507,False,5,5,0.99708331823349,0.00016881178941590192,201382912.0,0.0,completed,T_full,142.49467376749962,2.2639147533481148
0.9876197318007662,0.0021125114652748166,0.955812063740382,0.007533780720274342,0.9248609400993338,0.008472617175174165,biological,Mouse_retina,45.31620870064944,2.3252927992830172,,,,,False,5,5,,,178979328.0,0.0,completed,T_no_vicinal,52.369175208732486,2.9733295585161006
0.9912116858237547,0.0007741010476649763,0.9692010106758373,0.002754073127570941,0.9372047338346494,0.004000848027094685,biological,Mouse_retina,122.48586825523526,0.9470472792431389,0.6177843524115805,0.009094419364685516,-0.39249610055323647,0.00912771873045507,False,5,5,0.99708331823349,0.00016881178941590192,201382912.0,0.0,completed,T_random_neighbor,128.69237858206034,1.9081147235531302
0.9911877394636015,0.0013268098828730967,0.9688796049144175,0.004939540003572763,0.940353814600364,0.0054768977742177686,biological,Mouse_retina,127.6537829162553,0.7995250753172766,-0.009731955368321662,0.007714590219440839,0.0014815858840447663,0.0056993503883516535,False,5,5,0.99708331823349,0.00016881178941590192,201382912.0,0.0,completed,T_shuffled_gate,133.98373482562602,1.1751556667381222
0.9912835249042147,0.0014126322992100314,0.9691519684735332,0.005194242205746759,0.940842925905887,0.0057469518769337835,biological,Mouse_retina,105.45379706695675,0.5458005970807742,0.6177843524115805,0.009094419364685516,-0.39249610055323647,0.00912771873045507,False,5,5,0.99708331823349,0.00016881178941590192,201382912.0,0.0,completed,T_uniform_pseudo_loss,114.28463977370411,0.9362777938822032
0.9388704318936878,0.002971518906976484,0.9593556116213444,0.003584879671812254,0.9568149996380193,0.004766416523323772,biological,Pollen,14.673899809457362,1.9320920967061392,,,,,False,5,5,0.9465780854225159,0.0012070120439248784,200251392.0,0.0,completed,F_matched_total_mix,26.50282619521022,1.0347925749331774
0.9388704318936878,0.002971518906976484,0.9594050425050111,0.003692328199196882,0.9574901036968312,0.00588858615592107,biological,Pollen,12.181108111329376,1.0420617859794854,0.8673584299575368,0.006032076063479556,-0.47178781544960513,0.013787361554176694,False,5,5,0.9465780854225159,0.0012070120439248784,200251392.0,0.0,completed,T_beta_no_mutual,24.85500160995871,2.6077845278670195
0.9382059800664452,0.002971518906976484,0.9588985715532813,0.0035751222225916834,0.9564718954894718,0.005666835011250958,biological,Pollen,12.123164979368449,1.177595600859123,0.3682061926195277,0.016314512872585632,-0.5980827194826566,0.03869063236742309,False,5,5,0.9465780854225159,0.0012070120439248784,200251392.0,0.0,completed,T_beta_no_perturb,26.115945413336156,2.042429688236594
0.9388704318936878,0.002971518906976484,0.9594050425050111,0.003692328199196882,0.9574901036968312,0.00588858615592107,biological,Pollen,11.575975600257516,0.8926244076160542,0.7656664099799786,0.00792715066517342,-0.538381641768058,0.02524340159364351,False,5,5,0.9465780854225159,0.0012070120439248784,200251392.0,0.0,completed,T_beta_no_snn,24.29533619787544,2.6250207538139536
0.9395348837209301,0.003639352541562559,0.9595859711877057,0.00368784506294519,0.9575759746533002,0.005878834150977429,biological,Pollen,14.706052125990391,1.8410252776601304,0.7215922201931751,0.010356503396672717,-0.5977153417966602,0.023710147318368707,False,5,5,0.9465780854225159,0.0012070120439248784,200251392.0,0.0,completed,T_edge_none,27.72186550758779,0.7768048105938467
0.9395348837209301,0.003639352541562559,0.9595859711877057,0.00368784506294519,0.9575759746533002,0.005878834150977429,biological,Pollen,9.195878607966005,2.3950849233059515,0.7215922201931751,0.010356503396672717,-0.5977153417966602,0.023710147318368707,False,5,5,0.9465780854225159,0.0012070120439248784,200251392.0,0.0,completed,T_edge_sim,18.98186455592513,6.163624128869667
0.9395348837209301,0.003639352541562559,0.9595859711877057,0.00368784506294519,0.9575759746533002,0.005878834150977429,biological,Pollen,10.052995630353688,3.082727011290409,0.7215922201931751,0.010356503396672717,-0.5977153417966602,0.023710147318368707,False,5,5,0.9465780854225159,0.0012070120439248784,200251392.0,0.0,completed,T_edge_sim_mutual,18.79664466883987,6.889367831435471
0.9388704318936878,0.002971518906976484,0.9594050425050111,0.003692328199196882,0.9574901036968312,0.00588858615592107,biological,Pollen,11.049595670960844,0.6525346998161229,0.7215922201931751,0.010356503396672717,-0.5977153417966602,0.023710147318368707,False,5,5,0.9465780854225159,0.0012070120439248784,200251392.0,0.0,completed,T_edge_sim_mutual_snn,21.751362844929098,0.6493574745961768
0.9388704318936878,0.002971518906976484,0.9594050425050111,0.003692328199196882,0.9574901036968312,0.00588858615592107,biological,Pollen,11.395761582627893,0.48671734968785624,0.7215922201931751,0.010356503396672717,-0.5977153417966602,0.023710147318368707,False,5,5,0.9465780854225159,0.0012070120439248784,200251392.0,0.0,completed,T_edge_sim_mutual_snn_distance,22.373945285752416,0.44373307368702186
0.9382059800664452,0.002971518906976484,0.9587826635896869,0.0027688906377325634,0.9557715612355479,0.0036641787710766124,biological,Pollen,15.570047992281616,2.3431552354143044,,,,,False,5,5,0.9465780854225159,0.0012070120439248784,200251392.0,0.0,completed,T_fixed_mean_gate,27.975177816301585,0.3149210091441017
0.9388704318936878,0.002971518906976484,0.9594050425050111,0.003692328199196882,0.9574901036968312,0.00588858615592107,biological,Pollen,13.926452858000994,5.815317962223722,0.7215922201931751,0.010356503396672717,-0.5977153417966602,0.023710147318368707,False,5,5,0.9465780854225159,0.0012070120439248784,200251392.0,0.0,completed,T_full,23.060893213003872,9.557722736002422
0.9388704318936878,0.003787958222920715,0.9582134687684316,0.004010936122441004,0.9548703742621255,0.004964933346004888,biological,Pollen,9.814703828655183,3.3041033749975615,,,,,False,5,5,,,178847744.0,0.0,completed,T_no_vicinal,19.490628076717257,7.942692319462685
0.9388704318936878,0.002971518906976484,0.9593335461991236,0.003570993769370189,0.9568041834750638,0.004755765808508332,biological,Pollen,10.506477343291044,0.6383540142614326,0.7215922201931751,0.010356503396672717,-0.5977153417966602,0.023710147318368707,False,5,5,0.9465780854225159,0.0012070120439248784,200251392.0,0.0,completed,T_random_neighbor,25.22036564312875,7.041740375396032
0.9395348837209303,0.0036393525415625593,0.9601749443827787,0.00445438283962771,0.958608922394062,0.0070317707539255285,biological,Pollen,15.940730867162348,1.0752853426929858,0.02251330003740292,0.062380206262751974,-0.04229618710259401,0.07264297583018807,False,5,5,0.9465780854225159,0.0012070120439248784,200251392.0,0.0,completed,T_shuffled_gate,27.702829105220736,0.2519394686936802
0.9388704318936878,0.003787958222920715,0.9593021475327095,0.0037550012816376746,0.9559181507003764,0.004995000750071834,biological,Pollen,12.276870960742235,1.936005891431242,0.7215922201931751,0.010356503396672717,-0.5977153417966602,0.023710147318368707,False,5,5,0.9465780854225159,0.0012070120439248784,200251392.0,0.0,completed,T_uniform_pseudo_loss,27.275375271588565,0.6062612346225064
0.9877298035507932,0.0029966831866364485,0.9467419969676811,0.012704620108980056,0.8933924293329136,0.01930884527201948,biological,Wang,118.95832568649203,3.843669593091088,,,,,False,5,5,0.9928311824798584,0.0002561947778575672,201182003.2,71791.09105731713,completed,F_matched_total_mix,137.08705171346665,5.181067502024533
0.9873095913436286,0.002862960691143799,0.9449522553801089,0.012146044208946704,0.8905986947551467,0.01851988040464943,biological,Wang,149.5865524349734,2.3974153029079757,0.9249987212913089,0.0012262614625891944,-0.23224049965041563,0.007236688472558069,False,5,5,0.9928311824798584,0.0002561947778575672,201182003.2,71791.09105731713,completed,T_beta_no_mutual,160.60330794956536,2.2046858023829703
0.9872045382918374,0.0030550395609828186,0.9445131277464164,0.012970419735341488,0.8899957758818349,0.019922059886340115,biological,Wang,152.28985115531833,1.581186756958632,0.2956124797563538,0.01328413992027232,-0.37488426131816255,0.012079043836811838,False,5,5,0.9928311824798584,0.0002561947778575672,201129574.4,58617.1803893705,completed,T_beta_no_perturb,162.78082166984677,2.034062655318711
0.9869734215778967,0.003148964132224371,0.9435362436464798,0.013355864282314181,0.8885296503475738,0.020385099680760452,biological,Wang,152.00269432459027,1.0776167341719045,0.6332184638876834,0.006614852371106855,-0.314574750899237,0.011145943638756841,False,5,5,0.9928311824798584,0.0002561947778575672,201155788.8,71791.09105731713,completed,T_beta_no_snn,163.58997703846543,2.794610051657067
0.9875617186679273,0.003256305707080064,0.9460373970957605,0.013803205772675811,0.8924019325612532,0.020988867748355736,biological,Wang,153.5255683457479,2.1409630347410444,0.6353515759492915,0.005904998592328116,-0.3492354951375873,0.011546855360224383,False,5,5,0.9928311824798584,0.0002561947778575672,201182003.2,71791.09105731713,completed,T_edge_none,171.79112519975752,2.5135339846677103
0.9875407080575691,0.0032723646225662688,0.9459486316898266,0.013865227106319709,0.8922629516235538,0.021059313435434122,biological,Wang,143.81415581274777,2.797417363330487,0.6353515759492915,0.005904998592328116,-0.3492354951375873,0.011546855360224383,False,5,5,0.9928311824798584,0.0002561947778575672,201155788.8,71791.09105731713,completed,T_edge_sim,153.46340499669313,3.5019120087363254
0.9872045382918374,0.0032434013266805883,0.9445200191178351,0.013751125844730948,0.8900588146706874,0.021014518342753353,biological,Wang,143.66595642752947,1.5639511312195935,0.6353515759492915,0.005904998592328116,-0.3492354951375873,0.011546855360224383,False,5,5,0.9928311824798584,0.0002561947778575672,201208217.6,58617.180389370485,completed,T_edge_sim_mutual,153.24530935287476,1.9157063264029575
0.987162517071121,0.0032212082046858058,0.944340931048621,0.013656906075184189,0.8897789009812758,0.020841768647615895,biological,Wang,146.2982380501926,0.7527290905446956,0.6353515759492915,0.005904998592328116,-0.3492354951375873,0.011546855360224383,False,5,5,0.9928311824798584,0.0002561947778575672,201129574.4,58617.180389370485,completed,T_edge_sim_mutual_snn,156.29534525293857,1.047059671207596
0.987246559512554,0.003276577571529444,0.9446998328370192,0.013896782577834629,0.890356922193987,0.02123610970924359,biological,Wang,147.83621313218026,2.225141000450913,0.6353515759492915,0.005904998592328116,-0.3492354951375873,0.011546855360224383,False,5,5,0.9928311824798584,0.0002561947778575672,201155788.8,71791.09105731713,completed,T_edge_sim_mutual_snn_distance,157.86354159861804,2.5062745495460357
0.9876457611093603,0.002936416023913017,0.9463848328948312,0.012448940130744202,0.8929608248112361,0.01869898107239224,biological,Wang,155.4977725205943,2.572330439795594,,,,,False,5,5,0.9928311824798584,0.0002561947778575672,201129574.4,58617.180389370485,completed,T_fixed_mean_gate,169.86609860453754,6.590376542041578
0.987162517071121,0.0032212082046858058,0.944340931048621,0.013656906075184189,0.8897789009812758,0.020841768647615895,biological,Wang,149.69954794719814,4.0572231219827195,0.6353515759492915,0.005904998592328116,-0.3492354951375873,0.011546855360224383,False,5,5,0.9928311824798584,0.0002561947778575672,201129574.4,58617.180389370485,completed,T_full,172.2568636322394,4.506725759023384
0.988339111251182,0.0017357612818424308,0.9492966812595324,0.007398545109434782,0.8967323596056035,0.011282776652327804,biological,Wang,66.10349624622613,1.7399585484438176,,,,,False,5,5,,,178979328.0,0.0,completed,T_no_vicinal,83.11219516284764,2.728426520978857
0.9868893791364639,0.0031149602778858076,0.9431789552000375,0.013221430695348355,0.8879878069559641,0.02018051341404595,biological,Wang,148.57176077328623,1.0680520695685125,0.6353515759492915,0.005904998592328116,-0.3492354951375873,0.011546855360224383,False,5,5,0.9928311824798584,0.0002561947778575672,201182003.2,71791.09105731713,completed,T_random_neighbor,167.69722500257194,3.557843984795097
0.9878348566025844,0.0022960761836264007,0.9471671971495166,0.009778559851436207,0.8938793033161266,0.014975628550758058,biological,Wang,154.54812902137638,1.170773637564383,0.005515927648748739,0.004960061063070004,-0.0014386739639765049,0.01798426977612882,False,5,5,0.9928311824798584,0.0002561947778575672,201129574.4,58617.1803893705,completed,T_shuffled_gate,168.68184496443718,5.078662241550348
0.9870994852400463,0.002993919822829885,0.9440652750736145,0.01270925771613206,0.8892902939798573,0.01946648628825064,biological,Wang,125.54629482366144,3.0842350310638067,0.6353515759492915,0.005904998592328116,-0.3492354951375873,0.011546855360224383,False,5,5,0.9928311824798584,0.0002561947778575672,201182003.2,71791.09105731713,completed,T_uniform_pseudo_loss,143.3865522135049,2.7898112700204662
0.9718887262079063,0.0012249780769166786,0.8898924049000516,0.004681680138627432,0.8156107216100251,0.009682772018039715,general,breast_cancer_wisconsin_original,10.775945213995874,0.37326416484971786,,,,,False,5,5,0.9622253775596619,0.0,72078848.0,0.0,completed,F_matched_total_mix,11.565669153258204,0.5015616168701922
0.972181551976574,0.0014641288433382416,0.8909994051380741,0.005596267220883634,0.8162412137186525,0.011093961498690389,general,breast_cancer_wisconsin_original,11.06277396697551,0.7938470761578109,0.9517449950567991,1.2412670766236366e-16,0.4828953391183902,6.206335383118183e-17,False,5,5,0.9622253775596619,0.0,72078848.0,0.0,completed,T_beta_no_mutual,15.659279635548591,0.887099655262088
0.9724743777452416,0.0012249780769166786,0.8921152555088057,0.0046919653465262974,0.8182748003327113,0.010005019343994326,general,breast_cancer_wisconsin_original,10.80092920511961,1.551616344025681,0.43055829742014334,0.0,-0.01995552506027459,0.0,False,5,5,0.9622253775596619,0.0,72078848.0,0.0,completed,T_beta_no_perturb,15.79311324506998,0.5460495667202522
0.9727672035139092,0.002220461330615401,0.8932201873718023,0.008479573494401281,0.8178848222538866,0.015180980992284794,general,breast_cancer_wisconsin_original,11.519304537959396,0.5103404661965284,0.30349446166655664,0.0,-0.15849089390057972,0.0,False,5,5,0.9622253775596619,0.0,72078848.0,0.0,completed,T_beta_no_snn,15.973861846141517,0.46283232770943594
0.972181551976574,0.0014641288433382416,0.8909994051380741,0.005596267220883634,0.8162412137186525,0.011093961498690389,general,breast_cancer_wisconsin_original,12.620791395381094,0.9241754693346569,0.63618882384839,0.0,0.09782144670106209,0.0,False,5,5,0.9622253775596619,0.0,72078848.0,0.0,completed,T_edge_none,16.340834641829133,3.077746261854473
0.9724743777452416,0.0012249780769166786,0.8921152555088057,0.0046919653465262974,0.8182748003327113,0.010005019343994326,general,breast_cancer_wisconsin_original,12.099704559892416,0.39686247201523256,0.63618882384839,0.0,0.09782144670106209,0.0,False,5,5,0.9622253775596619,0.0,72078848.0,0.0,completed,T_edge_sim,15.284738696739078,1.9947492208099402
0.972181551976574,0.0014641288433382416,0.8909994051380741,0.005596267220883634,0.8162412137186525,0.011093961498690389,general,breast_cancer_wisconsin_original,11.278754553571343,0.8145814790548597,0.63618882384839,0.0,0.09782144670106209,0.0,False,5,5,0.9622253775596619,0.0,72078848.0,0.0,completed,T_edge_sim_mutual,15.146753128059208,0.3339590520541306
0.972181551976574,0.0014641288433382416,0.8909994051380741,0.005596267220883634,0.8162412137186525,0.011093961498690389,general,breast_cancer_wisconsin_original,11.298807418346405,1.0652965854809817,0.63618882384839,0.0,0.09782144670106209,0.0,False,5,5,0.9622253775596619,0.0,72078848.0,0.0,completed,T_edge_sim_mutual_snn,15.982659371569753,1.0879627109984018
0.9724743777452416,0.0012249780769166786,0.8921152555088057,0.0046919653465262974,0.8182748003327113,0.010005019343994326,general,breast_cancer_wisconsin_original,11.40301557444036,0.8196915094764059,0.63618882384839,0.0,0.09782144670106209,0.0,False,5,5,0.9622253775596619,0.0,72078848.0,0.0,completed,T_edge_sim_mutual_snn_distance,15.699484863132238,0.662575768145029
0.9718887262079063,0.0012249780769166786,0.8898924049000516,0.004681680138627432,0.8156107216100251,0.009682772018039715,general,breast_cancer_wisconsin_original,13.696299678646028,1.2207615917591055,,,,,False,5,5,0.9622253775596619,0.0,72078848.0,0.0,completed,T_fixed_mean_gate,15.390299888141453,1.8389991392944125
0.972181551976574,0.0014641288433382416,0.8909994051380741,0.005596267220883634,0.8162412137186525,0.011093961498690389,general,breast_cancer_wisconsin_original,13.322885356284678,0.5731488910998853,0.63618882384839,0.0,0.09782144670106209,0.0,False,5,5,0.9622253775596619,0.0,72078848.0,0.0,completed,T_full,14.168018488585949,0.6894024859505129
0.9713030746705711,0.001964334972913469,0.8876730436896233,0.0074828234002122605,0.8125556863744198,0.013572748773430676,general,breast_cancer_wisconsin_original,6.094064689427614,1.023439436181801,,,,,False,5,5,,,70548992.0,0.0,completed,T_no_vicinal,8.79780922550708,2.9404830547362115
0.9733528550512445,0.0021716540225755966,0.8954300773189168,0.008317265807652081,0.8186499254643677,0.01398110894281596,general,breast_cancer_wisconsin_original,12.016457837633789,0.9791494707149514,0.63618882384839,0.0,0.09782144670106209,0.0,False,5,5,0.9622253775596619,0.0,72078848.0,0.0,completed,T_random_neighbor,13.64078829512,1.3023617087133215
0.9718887262079063,0.0019089904554034473,0.8898800780966534,0.0072868913808821255,0.8138161785909421,0.013605891093673956,general,breast_cancer_wisconsin_original,12.933161049708724,1.2042289250958582,0.003104411740512818,0.035569454167464924,-0.01347221368023957,0.01002751067580525,False,5,5,0.9622253775596619,0.0,72078848.0,0.0,completed,T_shuffled_gate,14.032404726929963,1.7191599091057892
0.9718887262079063,0.0012249780769166786,0.8898800644623218,0.004687333891853245,0.8142055340037235,0.010073862900340357,general,breast_cancer_wisconsin_original,10.43132615685463,1.362352303519213,0.63618882384839,0.0,0.09782144670106209,0.0,False,5,5,0.9622253775596619,0.0,72078848.0,0.0,completed,T_uniform_pseudo_loss,13.05693703852594,3.6333015901956194
0.5331812652068126,0.005753925148426524,0.2023766807347473,0.009056064366469857,0.29725745967919537,0.00847035276526589,boundary,reuters,73.64732066392898,1.691088669417058,,,,,False,5,5,0.9548053979873657,0.0004662295176153566,201379840.0,0.0,completed,F_matched_total_mix,78.66592561360449,1.9269486193537466
0.5331204379562043,0.005301052140262865,0.2025623655939075,0.00858561348470089,0.2975771826268129,0.00833231279501279,boundary,reuters,79.16922445390374,8.785318174949685,0.8888284237740048,0.00163780276499148,-0.5103718341188582,0.0027962077309747015,False,5,5,0.9548053979873657,0.0004662295176153566,201379840.0,0.0,completed,T_beta_no_mutual,85.94986960943788,9.332867413614899
0.5329987834549879,0.005193744330273153,0.2024274263394533,0.00909034089132832,0.2974866867256522,0.008622761603534979,boundary,reuters,72.68292937986553,8.098700582302522,0.432857383285649,0.005096504405063162,-0.5251340807501989,0.0028885910477483897,False,5,5,0.9548053979873657,0.0004662295176153566,201379840.0,0.0,completed,T_beta_no_perturb,78.8301326021552,5.501962009531084
0.533059610705596,0.005270647043186114,0.2024146908966909,0.008908698398366258,0.297533768553582,0.008484936671160292,boundary,reuters,72.55597024671734,8.7171002305675,0.6645054543280124,0.003697399152851863,-0.5152500613415245,0.0036250683169196823,False,5,5,0.9548053979873657,0.0004662295176153566,201379840.0,0.0,completed,T_beta_no_snn,79.7594036405906,8.993049795374318
0.5329987834549879,0.005204863470232631,0.20248800967045283,0.009046285692466224,0.29751828628728955,0.008609062004837218,boundary,reuters,106.83295657075942,1.1249107280741764,0.6856364166997516,0.004176120579596944,-0.5594792736831211,0.0031663749299475326,False,5,5,0.9548053979873657,0.0004662295176153566,201379840.0,0.0,completed,T_edge_none,113.96720207799225,1.561264008168133
0.5329075425790755,0.005278319501196284,0.2024123917138252,0.008964021790406026,0.29758279454255676,0.008663394725632378,boundary,reuters,107.29091738518328,1.3827023873798363,0.6856364166997516,0.004176120579596944,-0.5594792736831211,0.0031663749299475326,False,5,5,0.9548053979873657,0.0004662295176153566,201379840.0,0.0,completed,T_edge_sim,115.42379791364074,1.1803628214796766
0.5329683698296837,0.005228578984329264,0.20241791107200066,0.008969943928586948,0.2974659191133101,0.008566488103981468,boundary,reuters,102.85874767135829,5.681506931481909,0.6856364166997516,0.004176120579596944,-0.5594792736831211,0.0031663749299475326,False,5,5,0.9548053979873657,0.0004662295176153566,201379840.0,0.0,completed,T_edge_sim_mutual,110.24445706754923,7.072298474212231
0.5329379562043796,0.00529472304469132,0.20249096148073154,0.009041112390373366,0.2976005616886097,0.008496121323491077,boundary,reuters,96.13772028330713,4.2364497427538765,0.6856364166997516,0.004176120579596944,-0.5594792736831211,0.0031663749299475326,False,5,5,0.9548053979873657,0.0004662295176153566,201379840.0,0.0,completed,T_edge_sim_mutual_snn,101.49901416860521,5.463578544440125
0.5329075425790755,0.005278319501196284,0.2024123917138252,0.008964021790406026,0.29758279454255676,0.008663394725632378,boundary,reuters,83.08329624850303,6.512543447000415,0.6856364166997516,0.004176120579596944,-0.5594792736831211,0.0031663749299475326,False,5,5,0.9548053979873657,0.0004662295176153566,201379840.0,0.0,completed,T_edge_sim_mutual_snn_distance,88.44540570117533,7.213582221422839
0.5331508515815085,0.005797566162015897,0.2023102712795423,0.009171671653304894,0.2972073889267177,0.008536483667558907,boundary,reuters,102.66003756616264,1.841638927337363,,,,,False,5,5,0.9548053979873657,0.0004662295176153566,201379840.0,0.0,completed,T_fixed_mean_gate,108.16454407330602,2.4687484063906053
0.5329379562043796,0.00529472304469132,0.20249096148073154,0.009041112390373366,0.2976005616886097,0.008496121323491077,boundary,reuters,93.8029454458505,1.3066628016820638,0.6856364166997516,0.004176120579596944,-0.5594792736831211,0.0031663749299475326,False,5,5,0.9548053979873657,0.0004662295176153566,201379840.0,0.0,completed,T_full,99.58200038336217,1.0649708473832167
0.5328771289537713,0.0043298044452856595,0.20212077746190277,0.008639540381435828,0.29640054191350584,0.009076052498068686,boundary,reuters,36.593344636447725,2.9362887434664735,,,,,False,5,5,,,178979328.0,0.0,completed,T_no_vicinal,42.29186217468232,3.1424773516348012
0.5329075425790755,0.005206640329026471,0.20242246107066256,0.009070456348917792,0.2975614732276498,0.00854516060312491,boundary,reuters,95.4855266502127,2.6976244338690876,0.6856364166997516,0.004176120579596944,-0.5594792736831211,0.0031663749299475326,False,5,5,0.9548053979873657,0.0004662295176153566,201379840.0,0.0,completed,T_random_neighbor,100.31097881849855,4.00387918103981
0.5331508515815085,0.005881715208580808,0.20243776446059222,0.009341223922536748,0.2975911056736162,0.008935424539731018,boundary,reuters,98.61661673858762,4.380683638824994,0.00968755539648872,0.009156655254448939,0.0010956632515916394,0.011459621273542974,False,5,5,0.9548053979873657,0.0004662295176153566,201379840.0,0.0,completed,T_shuffled_gate,103.54326185341924,3.912283617736024
0.5331812652068126,0.005735811379200295,0.2022399860016136,0.009098741891655143,0.29717347949430684,0.008466349326023866,boundary,reuters,85.8109348313883,1.4996861770444438,0.6856364166997516,0.004176120579596944,-0.5594792736831211,0.0031663749299475326,False,5,5,0.9548053979873657,0.0004662295176153566,201379840.0,0.0,completed,T_uniform_pseudo_loss,91.79003330040723,2.990664363640491
0.9135329341317364,0.06470613353921523,0.6312793254702103,0.1995012350285444,0.4900178873706505,0.15682599306446163,general,sms_spam_collection,10.23172993324697,1.396873321243,,,,,False,5,5,0.9184670925140381,0.001382170596566695,100062720.0,0.0,completed,F_matched_total_mix,11.89478811211884,2.426719438758347
0.9698203592814372,0.0028592422482187447,0.8306144479726306,0.014317725647949277,0.690053522897712,0.02484453484767877,general,sms_spam_collection,13.4731604360044,0.7154809341871504,0.8961446414054028,0.007654496255313238,-0.39705049640342105,0.022301082174233995,False,5,5,0.9184670925140381,0.001382170596566695,100062720.0,0.0,completed,T_beta_no_mutual,25.45174976103008,2.2759412991568446
0.9700598802395209,0.006827397755084659,0.835213097831588,0.03193681712133215,0.6929516805781314,0.04600302669976175,general,sms_spam_collection,12.131867924891413,1.7695378929230376,0.548963084699548,0.020570212426393945,-0.4242926369367382,0.026708111329468428,False,5,5,0.9184670925140381,0.001382170596566695,100062720.0,0.0,completed,T_beta_no_perturb,22.971026983484627,3.530206274993362
0.9669461077844312,0.006370987342884029,0.8154869272976905,0.03185706446070844,0.6697333206194475,0.0461570873146012,general,sms_spam_collection,12.755142097733914,0.9251623477268558,0.6728554111400836,0.008596390859117994,-0.5422807522450167,0.025886174618119255,False,5,5,0.9184670925140381,0.001382170596566695,100062720.0,0.0,completed,T_beta_no_snn,25.085790677182377,0.7757980082542888
0.9681437125748504,0.0045287833296261395,0.8222853842728822,0.023581739882317293,0.6743768206305922,0.036336573300897325,general,sms_spam_collection,13.146972327120602,3.860349862119849,0.8230585452393825,0.01113669914708767,-0.46416806424447543,0.03443522378623193,False,5,5,0.9184670925140381,0.001382170596566695,100062720.0,0.0,completed,T_edge_none,21.352165347337724,10.070966608962774
0.9681437125748502,0.003235749960744014,0.822067740308977,0.015827773627133206,0.6745571152507565,0.026386751575547727,general,sms_spam_collection,12.032353428564965,3.4692136940813887,0.8230585452393825,0.01113669914708767,-0.46416806424447543,0.03443522378623193,False,5,5,0.9184670925140381,0.001382170596566695,100062720.0,0.0,completed,T_edge_sim,19.307722280919553,8.114902807854882
0.9688622754491018,0.0037871588744531524,0.82663830441643,0.019121574180932847,0.680034965113921,0.03018201213080262,general,sms_spam_collection,14.891341689601541,1.4642799720111588,0.8230585452393825,0.01113669914708767,-0.46416806424447543,0.03443522378623193,False,5,5,0.9184670925140381,0.001382170596566695,100062720.0,0.0,completed,T_edge_sim_mutual,25.439791408367455,4.125956242180697
0.9674251497005987,0.004512920642255544,0.8188063763100704,0.02223741377491545,0.6693650047900707,0.03547696809808307,general,sms_spam_collection,13.858186635375024,2.0075432936979274,0.8230585452393825,0.01113669914708767,-0.46416806424447543,0.03443522378623193,False,5,5,0.9184670925140381,0.001382170596566695,100062720.0,0.0,completed,T_edge_sim_mutual_snn,23.953895749524236,4.412509851008972
0.9688622754491018,0.0037871588744531524,0.8264162202853221,0.019556656036266388,0.6799005483355807,0.030447105087221964,general,sms_spam_collection,14.19196372181177,1.4798363012285274,0.8230585452393825,0.01113669914708767,-0.46416806424447543,0.03443522378623193,False,5,5,0.9184670925140381,0.001382170596566695,100062720.0,0.0,completed,T_edge_sim_mutual_snn_distance,26.01695530600846,3.1738818954154895
0.9130538922155689,0.062048180419090014,0.628142425580416,0.19690992926688772,0.4878978590482621,0.15667239439541011,general,sms_spam_collection,11.97154006883502,0.7406930510472044,,,,,False,5,5,0.9184670925140381,0.001382170596566695,100062720.0,0.0,completed,T_fixed_mean_gate,15.714501856267452,1.617142196287427
0.9688622754491018,0.0037871588744531524,0.8264162202853221,0.019556656036266388,0.6799005483355807,0.030447105087221964,general,sms_spam_collection,14.010809352993965,0.8463203097107741,0.8230585452393825,0.01113669914708767,-0.46416806424447543,0.03443522378623193,False,5,5,0.9184670925140381,0.001382170596566695,100062720.0,0.0,completed,T_full,17.366016468778252,0.8047647828359827
0.9149700598802395,0.06002975346036955,0.6321556474819914,0.19035249273874885,0.4877964304630521,0.15281221577462153,general,sms_spam_collection,7.014902876317501,0.8302075826345982,,,,,False,5,5,,,92566016.0,0.0,completed,T_no_vicinal,14.32686788290739,4.710517707470364
0.9695808383233533,0.0032357499607440143,0.8305605232387618,0.016365219713644703,0.6856032722657002,0.02552747180879642,general,sms_spam_collection,11.254247764311732,0.18455464661872378,0.8230585452393825,0.01113669914708767,-0.46416806424447543,0.03443522378623193,False,5,5,0.9184670925140381,0.001382170596566695,100062720.0,0.0,completed,T_random_neighbor,16.25012169368565,2.703166716213987
0.9679041916167664,0.003632515182779192,0.8199200477162302,0.01785177119555275,0.6734516887927428,0.030521931453017143,general,sms_spam_collection,11.27004863806069,1.0020442398087888,-0.0038317108304864052,0.03667221925351612,0.00536979509811632,0.052912264804842866,False,5,5,0.9184670925140381,0.001382170596566695,100062720.0,0.0,completed,T_shuffled_gate,13.205890147946775,2.119710378662357
0.9662275449101797,0.004007952222917725,0.8130254784655107,0.019887982865356018,0.6593280849138833,0.031453192032216776,general,sms_spam_collection,10.257270665094257,2.2027857696223383,0.8230585452393825,0.01113669914708767,-0.46416806424447543,0.03443522378623193,False,5,5,0.9184670925140381,0.001382170596566695,100062720.0,0.0,completed,T_uniform_pseudo_loss,16.99601980317384,8.076256827826587
0.8845903064551184,0.011851729702680388,0.591697575013604,0.03688162354056993,0.4859989124267047,0.03131410752360817,general,spambase,47.19642071947455,4.4324019548726605,,,,,False,5,5,0.8863725662231445,0.0,73260544.0,0.0,completed,F_matched_total_mix,55.41361813694239,6.005083359618207
0.8907194088241687,0.010123894510579963,0.6104833392755877,0.03206899365719934,0.4990050209271841,0.02829717386179939,general,spambase,53.86364559214562,0.9755207274471566,0.9110969957771868,0.0,-0.48353973461007793,6.206335383118183e-17,False,5,5,0.8863725662231445,0.0,73260544.0,0.0,completed,T_beta_no_mutual,56.69187471978366,0.48983460211455426
0.8911975657465767,0.009085137512972827,0.6119028741467023,0.028785121323701323,0.49986428199389793,0.02520422387479517,general,spambase,51.608976710774,1.8756655456154439,0.6782269885003493,0.0,-0.6202864557486801,0.0,False,5,5,0.8863725662231445,0.0,73260544.0,0.0,completed,T_beta_no_perturb,55.69627600107342,2.577684442959022
0.8898065637904804,0.01050246418461167,0.6076674748059111,0.0331878508686639,0.49671362958812876,0.029328485991495488,general,spambase,53.90044129937887,0.7400019308395374,0.741895574541465,0.0,-0.6535279527659765,0.0,False,5,5,0.8863725662231445,0.0,73260544.0,0.0,completed,T_beta_no_snn,56.97915362361819,1.4696710902774444
0.8906759400130406,0.009987189942089143,0.6103366368677808,0.03159490785322754,0.4988445459560046,0.027625258749129182,general,spambase,59.91542344260961,1.4428697612990575,0.8195637777194615,0.0,-0.6338332523351748,0.0,False,5,5,0.8863725662231445,0.0,73260544.0,0.0,completed,T_edge_none,70.99563707839698,1.3937901121164284
0.8906324712019128,0.010136717983313101,0.6102090509612104,0.03207231332333459,0.49866802346646866,0.028098132409748816,general,spambase,54.578001835383475,2.468477540773188,0.8195637777194615,0.0,-0.6338332523351748,0.0,False,5,5,0.8863725662231445,0.0,73260544.0,0.0,completed,T_edge_sim,56.81347621306777,2.5525426653675853
0.8903281895240166,0.010179964952284154,0.6092642620983753,0.03219027495968163,0.49789407661935503,0.028200390748199414,general,spambase,55.27224798873067,3.4376112569348543,0.8195637777194615,0.0,-0.6338332523351748,0.0,False,5,5,0.8863725662231445,0.0,73260544.0,0.0,completed,T_edge_sim_mutual,57.29281700775027,3.8518216597076433
0.8905455335796567,0.010298760411506817,0.609948896478995,0.03259379906697698,0.49843217992483513,0.028696630012184855,general,spambase,54.457609412260354,3.156144875905154,0.8195637777194615,0.0,-0.6338332523351748,0.0,False,5,5,0.8863725662231445,0.0,73260544.0,0.0,completed,T_edge_sim_mutual_snn,56.46660153195262,3.0190124176715063
0.8904585959574007,0.010339273977193022,0.6096796247521605,0.032717935928890975,0.4981697050640195,0.028770157650529947,general,spambase,54.624026036076245,2.442949381042879,0.8195637777194615,0.0,-0.6338332523351748,0.0,False,5,5,0.8863725662231445,0.0,73260544.0,0.0,completed,T_edge_sim_mutual_snn_distance,56.883459828794,2.3763968099648736
0.8845903064551184,0.012185812713731913,0.5917252877331854,0.03791540605117543,0.486137130199377,0.03219021674477693,general,spambase,60.71021389104426,3.6707646563278606,,,,,False,5,5,0.8863725662231445,0.0,73260544.0,0.0,completed,T_fixed_mean_gate,70.04099245276302,5.387916104165186
0.8905455335796567,0.010298760411506817,0.609948896478995,0.03259379906697698,0.49843217992483513,0.028696630012184855,general,spambase,52.264499962702395,3.807396057876491,0.8195637777194615,0.0,-0.6338332523351748,0.0,False,5,5,0.8863725662231445,0.0,73260544.0,0.0,completed,T_full,59.67419076841325,4.875854810523404
0.8840686807215823,0.012705428602038401,0.5901659057606432,0.03956606289247586,0.4847947858419329,0.03404536174140095,general,spambase,27.51087787318975,2.0431426140894775,,,,,False,5,5,,,71469056.0,0.0,completed,T_no_vicinal,37.774332106485964,2.841043556347451
0.891806129102369,0.010242187287194898,0.6138216374213549,0.032594948750987986,0.4994409027029483,0.03014376338839741,general,spambase,56.04399582054466,3.289985828860088,0.8195637777194615,0.0,-0.6338332523351748,0.0,False,5,5,0.8863725662231445,0.0,73260544.0,0.0,completed,T_random_neighbor,66.11848748475313,4.091047360164664
0.8921104107802652,0.009297144443736315,0.6147676955588839,0.029532700079734554,0.5020942176577959,0.026557960994104887,general,spambase,60.5908940255642,5.8199400036328,0.0035346829969161017,0.01623275842839271,-0.002165845015788802,0.007313169107810132,False,5,5,0.8863725662231445,0.0,73260544.0,0.0,completed,T_shuffled_gate,69.72005730830134,7.496013681749862
0.8914149098022168,0.009843790374664485,0.6126310250544887,0.031219025559833764,0.5006532244031898,0.027600886188102136,general,spambase,53.13643775098026,1.4649893024684197,0.8195637777194615,0.0,-0.6338332523351748,0.0,False,5,5,0.8863725662231445,0.0,73260544.0,0.0,completed,T_uniform_pseudo_loss,64.18400483261794,1.3732282062243075
