ACC_mean,ACC_std,ARI_mean,ARI_std,NMI_mean,NMI_std,dataset_id,n_completed,n_requested,status,training_enabled,variant,weights_frozen
0.6104399127869693,0.015496142731961626,0.5392470935430648,0.017974871556493147,0.7505897767035581,0.013059198172826195,ISOLET,5,5,completed,False,T_full,True
0.5345645761190202,0.030810847679862138,0.4441927312338076,0.028996805044851064,0.6754702760303495,0.00938924826548002,ISOLET,5,5,completed,False,F_matched_total_mix,True
0.5392586892394512,0.02600951688088693,0.45174226497728276,0.023084024154480312,0.6755487083143383,0.017010979418789356,ISOLET,5,5,completed,False,T_shuffled_gate,True
0.5572143131973836,0.020883354636675983,0.46303155221414716,0.020218553754974184,0.6857830451687986,0.01374790028862518,ISOLET,5,5,completed,False,T_fixed_mean_gate,True
0.5649352314992946,0.02462475551473782,0.4667391350068962,0.023191128851701933,0.6862906373118698,0.019595926211177585,ISOLET,5,5,completed,False,T_random_neighbor,True
0.5761446710273181,0.015972289160962376,0.4904120286625857,0.010457806490296059,0.6961694777707317,0.009830794199614058,ISOLET,5,5,completed,False,T_no_vicinal,True
0.5542388097986406,0.018390454821868213,0.46461652070178233,0.02354416032862158,0.6850798866420595,0.014145863322902227,ISOLET,5,5,completed,False,T_uniform_pseudo_loss,True
0.5473900218032577,0.026645615793660024,0.4568371281414819,0.017179374442100333,0.6813941926838096,0.011756333674725311,ISOLET,5,5,completed,False,T_edge_none,True
0.5580607926125432,0.022281125251386175,0.469338354044287,0.018360420895558425,0.690384493748417,0.01176280585702826,ISOLET,5,5,completed,False,T_edge_sim,True
0.5490060279594716,0.02770127037995858,0.4591045970170047,0.027295124149705762,0.6790981562550911,0.017441939994137606,ISOLET,5,5,completed,False,T_edge_sim_mutual,True
0.5542388097986405,0.018390454821868213,0.46461652070178233,0.02354416032862158,0.6850798866420593,0.014145863322902227,ISOLET,5,5,completed,False,T_edge_sim_mutual_snn,True
0.5595228934205464,0.019122090060072268,0.46677559852098705,0.022020282581509048,0.6860740933013361,0.01615412244763434,ISOLET,5,5,completed,False,T_edge_sim_mutual_snn_distance,True
0.548108246761575,0.020722840620122626,0.4505189086526912,0.020192762304893974,0.6781849827831424,0.01561445614987957,ISOLET,5,5,completed,False,T_beta_no_mutual,True
0.5584968577658074,0.02308412773771255,0.46643317227745146,0.026230038657843305,0.6861612612377019,0.018036333058759974,ISOLET,5,5,completed,False,T_beta_no_snn,True
0.5559574195203283,0.02164071165006073,0.46414594793344455,0.019036083268918765,0.6859305379960605,0.009851230236751211,ISOLET,5,5,completed,False,T_beta_no_perturb,True
0.9908285440613026,0.001216913404911129,0.9675539289124593,0.004299573305739216,0.9383095613293708,0.004759797207070778,Mouse_retina,5,5,completed,False,T_full,True
0.8422413793103448,0.0012800667874429345,0.5439010212153328,0.0024984581143352633,0.535419270988208,0.0028312245408513414,Mouse_retina,5,5,completed,False,F_matched_total_mix,True
0.8421934865900382,0.0012062644683674567,0.5438374577518601,0.0024850967976910283,0.5352000103696112,0.0025417039046149587,Mouse_retina,5,5,completed,False,T_shuffled_gate,True
0.8422653256704982,0.0013241059675238743,0.5439553647719424,0.0026420404419720224,0.5354560736390196,0.002824046060399168,Mouse_retina,5,5,completed,False,T_fixed_mean_gate,True
0.8423611111111111,0.001489686878831052,0.5443098657225016,0.003031313400234775,0.5351633588393858,0.003220968987789416,Mouse_retina,5,5,completed,False,T_random_neighbor,True
0.8429837164750958,0.001959362539686463,0.5450850851266585,0.0043300354150977065,0.5371630398502715,0.003077078013169722,Mouse_retina,5,5,completed,False,T_no_vicinal,True
0.8423132183908045,0.0012327143368039853,0.5440160957468365,0.0024959272399649873,0.5356212900067723,0.0027934372540184484,Mouse_retina,5,5,completed,False,T_uniform_pseudo_loss,True
0.8422413793103448,0.0012139647371299455,0.5438999452649098,0.0023547221718600445,0.5354103915938753,0.0027761889306073062,Mouse_retina,5,5,completed,False,T_edge_none,True
0.8422413793103448,0.0012139647371299455,0.5438999452649098,0.002354722171860045,0.5354103915938754,0.0027761889306073062,Mouse_retina,5,5,completed,False,T_edge_sim,True
0.8425287356321839,0.0014024473624852723,0.5445516142473641,0.0028103177410678127,0.5358508901217482,0.003194664226853346,Mouse_retina,5,5,completed,False,T_edge_sim_mutual,True
0.8423132183908045,0.0012327143368039853,0.5440160957468365,0.0024959272399649873,0.5356212900067723,0.0027934372540184484,Mouse_retina,5,5,completed,False,T_edge_sim_mutual_snn,True
0.8425287356321839,0.0013477142543347758,0.5445516594149337,0.002697535273365857,0.5358536160809277,0.0030799763625857447,Mouse_retina,5,5,completed,False,T_edge_sim_mutual_snn_distance,True
0.8422653256704979,0.0012402503987144315,0.5439545585460219,0.002460737884451946,0.5354519141395728,0.0027279223020160986,Mouse_retina,5,5,completed,False,T_beta_no_mutual,True
0.8423132183908046,0.0013251881957123206,0.5440484293792464,0.0026940778419022563,0.5353322204931098,0.002919607968637032,Mouse_retina,5,5,completed,False,T_beta_no_snn,True
0.8425047892720305,0.00138496108629513,0.5444978153816803,0.002749736294334228,0.5358191124499714,0.003149422905397739,Mouse_retina,5,5,completed,False,T_beta_no_perturb,True
0.9375415282392027,0.001485759453488242,0.95881419244786,0.0021418146609968507,0.955980409246467,0.004161129560427152,Pollen,5,5,completed,False,T_full,True
0.9435215946843855,0.006215377718893572,0.9633008073807933,0.0023499291938470545,0.9611062604494407,0.005088284576758833,Pollen,5,5,completed,False,F_matched_total_mix,True
0.9428571428571428,0.0043316959503007365,0.9632388679684791,0.002779978169559015,0.9614367343196385,0.006968747477873914,Pollen,5,5,completed,False,T_shuffled_gate,True
0.9435215946843855,0.005252952923867721,0.9632128775500348,0.0026324450450170324,0.9613269011786144,0.006105345380155855,Pollen,5,5,completed,False,T_fixed_mean_gate,True
0.9421926910299003,0.0050384554445525075,0.9619823810837099,0.003072133834182242,0.9589709324708607,0.007635029684525859,Pollen,5,5,completed,False,T_random_neighbor,True
0.9388704318936878,0.006889183173863025,0.9578174104330974,0.004303548753597685,0.9525367996664057,0.008274962011321373,Pollen,5,5,completed,False,T_no_vicinal,True
0.9435215946843855,0.006644518272425237,0.9632684089223872,0.0024533364384915074,0.9604769555218903,0.005170419403618472,Pollen,5,5,completed,False,T_uniform_pseudo_loss,True
0.9435215946843855,0.006644518272425237,0.9634559835841514,0.0023588749269748224,0.9598774638484832,0.004417692803882685,Pollen,5,5,completed,False,T_edge_none,True
0.9435215946843855,0.006644518272425237,0.9633100108957974,0.0022938704011235406,0.9599766907960129,0.0045712197392870565,Pollen,5,5,completed,False,T_edge_sim,True
0.9455149501661129,0.005559202834113452,0.9647640661636986,0.0026497857920846765,0.9627706155873976,0.0065939219893824015,Pollen,5,5,completed,False,T_edge_sim_mutual,True
0.9435215946843855,0.006644518272425237,0.9632684089223872,0.0024533364384915074,0.9604769555218903,0.005170419403618472,Pollen,5,5,completed,False,T_edge_sim_mutual_snn,True
0.9435215946843855,0.006644518272425237,0.9632684089223874,0.0024533364384915074,0.9604769555218903,0.005170419403618472,Pollen,5,5,completed,False,T_edge_sim_mutual_snn_distance,True
0.9435215946843855,0.004698383928149809,0.963093752272778,0.003863965800291967,0.9604925508435456,0.008823926352836676,Pollen,5,5,completed,False,T_beta_no_mutual,True
0.9435215946843855,0.006644518272425237,0.9627178830916028,0.002185417097267265,0.959968310568447,0.005550185511183213,Pollen,5,5,completed,False,T_beta_no_snn,True
0.9421926910299003,0.004457278360464669,0.963168982545119,0.002401505131394253,0.9614025243718111,0.006960333482840852,Pollen,5,5,completed,False,T_beta_no_perturb,True
0.9821199705851456,0.008042015248422456,0.9234252315040539,0.033068500824535524,0.859443842758815,0.04255911454108265,Wang,5,5,completed,False,T_full,True
0.9978359071331022,0.0004241334013696097,0.9904271376791236,0.0018682698810877914,0.9721620497446924,0.004337064813087354,Wang,5,5,completed,False,F_matched_total_mix,True
0.9978569177434604,0.00039726169558123035,0.9905195949198786,0.0017499974964392522,0.9723727022034682,0.004061654113129594,Wang,5,5,completed,False,T_shuffled_gate,True
0.9978569177434604,0.00039726169558123035,0.9905195949198786,0.0017499974964392522,0.9723727022034682,0.004061654113129594,Wang,5,5,completed,False,T_fixed_mean_gate,True
0.9979409601848934,0.0004615166012498848,0.9908904234879319,0.00203414525931875,0.973300846719854,0.004825005039639128,Wang,5,5,completed,False,T_random_neighbor,True
0.9790314108624856,0.003921308328117245,0.9102921829006323,0.016149015977655366,0.83817271175818,0.02084987429626005,Wang,5,5,completed,False,T_no_vicinal,True
0.9978569177434604,0.00044940118996127787,0.9905199019770272,0.0019797497023307277,0.9724018282720364,0.0046167335506386645,Wang,5,5,completed,False,T_uniform_pseudo_loss,True
0.9978359071331022,0.0004241334013696097,0.9904271376791236,0.0018682698810877914,0.9721620497446924,0.004337064813087354,Wang,5,5,completed,False,T_edge_none,True
0.9978359071331022,0.0004241334013696097,0.9904271376791238,0.0018682698810877914,0.9721620497446924,0.004337064813087354,Wang,5,5,completed,False,T_edge_sim,True
0.9978359071331022,0.0004241334013696097,0.9904271376791236,0.0018682698810877914,0.9721620497446924,0.004337064813087354,Wang,5,5,completed,False,T_edge_sim_mutual,True
0.9978569177434604,0.00044940118996127787,0.9905199019770272,0.0019797497023307277,0.9724018282720364,0.0046167335506386645,Wang,5,5,completed,False,T_edge_sim_mutual_snn,True
0.9978569177434604,0.00044940118996127787,0.9905199019770272,0.0019797497023307277,0.9724018282720364,0.004616733550638665,Wang,5,5,completed,False,T_edge_sim_mutual_snn_distance,True
0.9978359071331022,0.0004241334013696097,0.9904271376791236,0.0018682698810877914,0.9721620497446924,0.004337064813087354,Wang,5,5,completed,False,T_beta_no_mutual,True
0.9978359071331022,0.0004241334013696097,0.9904271376791236,0.0018682698810877914,0.9721620497446924,0.004337064813087354,Wang,5,5,completed,False,T_beta_no_snn,True
0.9978359071331022,0.0004241334013696097,0.9904271376791236,0.0018682698810877914,0.9721620497446924,0.004337064813087354,Wang,5,5,completed,False,T_beta_no_perturb,True
0.972181551976574,0.0014641288433382416,0.8909994051380741,0.005596267220883634,0.8162412137186525,0.01109396149869039,breast_cancer_wisconsin_original,5,5,completed,False,T_full,True
0.8632503660322108,0.021433366085113092,0.5284460474856009,0.06212932285229958,0.504851157856455,0.03447560943302204,breast_cancer_wisconsin_original,5,5,completed,False,F_matched_total_mix,True
0.8635431918008785,0.020998895009437517,0.5292404229990717,0.060967305599383646,0.5053507635638539,0.03398208488582841,breast_cancer_wisconsin_original,5,5,completed,False,T_shuffled_gate,True
0.8632503660322108,0.021433366085113092,0.5284460474856009,0.06212932285229958,0.504851157856455,0.03447560943302204,breast_cancer_wisconsin_original,5,5,completed,False,T_fixed_mean_gate,True
0.8647144948755491,0.021181851085044497,0.5326814539997062,0.061532220199773856,0.5088363023332085,0.03604335982026813,breast_cancer_wisconsin_original,5,5,completed,False,T_random_neighbor,True
0.8805270863836018,0.013160881437331916,0.5788846717647587,0.040240622343873836,0.5316536693132944,0.03164896374100295,breast_cancer_wisconsin_original,5,5,completed,False,T_no_vicinal,True
0.8638360175695461,0.02088629958665754,0.5300772596695713,0.060591529286263573,0.5058952605556993,0.03406743032740138,breast_cancer_wisconsin_original,5,5,completed,False,T_uniform_pseudo_loss,True
0.8638360175695461,0.020886299586657543,0.5300772596695713,0.060591529286263573,0.5058952605556993,0.03406743032740138,breast_cancer_wisconsin_original,5,5,completed,False,T_edge_none,True
0.8638360175695461,0.02088629958665754,0.5300772596695713,0.060591529286263573,0.5058952605556993,0.03406743032740138,breast_cancer_wisconsin_original,5,5,completed,False,T_edge_sim,True
0.8638360175695461,0.02088629958665754,0.5300772596695713,0.060591529286263573,0.5058952605556993,0.03406743032740138,breast_cancer_wisconsin_original,5,5,completed,False,T_edge_sim_mutual,True
0.8638360175695461,0.02088629958665754,0.5300772596695713,0.060591529286263573,0.5058952605556993,0.03406743032740138,breast_cancer_wisconsin_original,5,5,completed,False,T_edge_sim_mutual_snn,True
0.8638360175695461,0.020886299586657543,0.5300772596695713,0.060591529286263573,0.5058952605556993,0.03406743032740138,breast_cancer_wisconsin_original,5,5,completed,False,T_edge_sim_mutual_snn_distance,True
0.8638360175695461,0.02088629958665754,0.5300772596695713,0.060591529286263573,0.5058952605556993,0.03406743032740138,breast_cancer_wisconsin_original,5,5,completed,False,T_beta_no_mutual,True
0.8638360175695461,0.02088629958665754,0.5300772596695713,0.060591529286263573,0.5058952605556993,0.03406743032740138,breast_cancer_wisconsin_original,5,5,completed,False,T_beta_no_snn,True
0.8632503660322108,0.021433366085113096,0.528446047485601,0.062129322852299586,0.504851157856455,0.03447560943302204,breast_cancer_wisconsin_original,5,5,completed,False,T_beta_no_perturb,True
0.5332420924574208,0.005755130705966398,0.2025369880140845,0.008878596057129613,0.2975937011621148,0.0082814826908851,reuters,5,5,completed,False,T_full,True
0.5353102189781022,0.009470072339450871,0.20141287800630253,0.00822656295264199,0.2952154232614136,0.009690815375393222,reuters,5,5,completed,False,F_matched_total_mix,True
0.5353710462287105,0.009362754403186364,0.20158608741183032,0.00861591235957728,0.29537981405462915,0.009964755117649889,reuters,5,5,completed,False,T_shuffled_gate,True
0.5354318734793188,0.009168333512763301,0.2016152514618886,0.008295424883508973,0.2954791404773004,0.009714399242349993,reuters,5,5,completed,False,T_fixed_mean_gate,True
0.5349756690997567,0.009177787029809256,0.20101504460816355,0.007994378218293427,0.29481436393178334,0.009826842663287809,reuters,5,5,completed,False,T_random_neighbor,True
0.5352798053527981,0.007582849339455266,0.20331867240820936,0.009608113280559787,0.29730763693155404,0.01434038153987355,reuters,5,5,completed,False,T_no_vicinal,True
0.5351885644768857,0.009315088216592503,0.20132008037636787,0.008002014105123505,0.29528420733142646,0.009408672794492222,reuters,5,5,completed,False,T_uniform_pseudo_loss,True
0.5353406326034064,0.009220270610726871,0.2014804498519688,0.008212011679162539,0.2952716616801417,0.009699447671286462,reuters,5,5,completed,False,T_edge_none,True
0.5353710462287105,0.009246567425385887,0.2014741592264114,0.008205487045402098,0.295243868890197,0.009673576791056121,reuters,5,5,completed,False,T_edge_sim,True
0.5352798053527981,0.009238686240318764,0.20140919843140592,0.007986976285051356,0.29530680279364374,0.00942660405477437,reuters,5,5,completed,False,T_edge_sim_mutual,True
0.5351885644768857,0.009315088216592503,0.20132008037636787,0.008002014105123505,0.29528420733142646,0.009408672794492222,reuters,5,5,completed,False,T_edge_sim_mutual_snn,True
0.535249391727494,0.009251442889685428,0.20120974158684427,0.00831630132565541,0.2950385589209653,0.009761023267980323,reuters,5,5,completed,False,T_edge_sim_mutual_snn_distance,True
0.5352189781021898,0.009528011678905502,0.20128460819061517,0.008423386979309364,0.29517269751281294,0.009824290043008081,reuters,5,5,completed,False,T_beta_no_mutual,True
0.5351581508515816,0.009370037664465196,0.20117670953261815,0.00833240403687179,0.2950321658494448,0.009765161840909415,reuters,5,5,completed,False,T_beta_no_snn,True
0.5352798053527981,0.009545227996639446,0.20133908772463824,0.008405565313895868,0.2951743931704937,0.009794272232865145,reuters,5,5,completed,False,T_beta_no_perturb,True
0.9674251497005988,0.004351114281337742,0.8148423009775432,0.026269304728546577,0.6732284068111041,0.03260523731870467,sms_spam_collection,5,5,completed,False,T_full,True
0.9391616766467067,0.006188268590545517,0.6746849893356581,0.03065458013164787,0.4800974409988722,0.03558549234721179,sms_spam_collection,5,5,completed,False,F_matched_total_mix,True
0.9394011976047905,0.006141739595189481,0.6759880455106142,0.031107549888238543,0.48176458224678564,0.03627592876444825,sms_spam_collection,5,5,completed,False,T_shuffled_gate,True
0.9391616766467067,0.006188268590545517,0.6746849893356581,0.03065458013164787,0.4800974409988722,0.03558549234721179,sms_spam_collection,5,5,completed,False,T_fixed_mean_gate,True
0.9389221556886227,0.00610661019591948,0.6733465880706403,0.029340136415254226,0.47872993078350634,0.03401663206155269,sms_spam_collection,5,5,completed,False,T_random_neighbor,True
0.9401197604790419,0.007715029177679709,0.6884885067076512,0.02899736249412867,0.4982058738649937,0.030303403031005156,sms_spam_collection,5,5,completed,False,T_no_vicinal,True
0.9394011976047905,0.006141739595189481,0.6759880455106142,0.031107549888238543,0.48176458224678564,0.03627592876444826,sms_spam_collection,5,5,completed,False,T_uniform_pseudo_loss,True
0.9394011976047905,0.006141739595189481,0.6759880455106142,0.031107549888238543,0.48176458224678564,0.03627592876444825,sms_spam_collection,5,5,completed,False,T_edge_none,True
0.9396407185628742,0.006199846278105266,0.6770228217977586,0.0312489170123001,0.48304349154562337,0.036377511858533114,sms_spam_collection,5,5,completed,False,T_edge_sim,True
0.9396407185628742,0.006199846278105266,0.6770228217977586,0.0312489170123001,0.4830434915456235,0.036377511858533114,sms_spam_collection,5,5,completed,False,T_edge_sim_mutual,True
0.9394011976047905,0.006141739595189481,0.6759880455106142,0.031107549888238543,0.48176458224678564,0.03627592876444826,sms_spam_collection,5,5,completed,False,T_edge_sim_mutual_snn,True
0.9394011976047905,0.006141739595189481,0.6759880455106141,0.031107549888238547,0.48176458224678564,0.036275928764448254,sms_spam_collection,5,5,completed,False,T_edge_sim_mutual_snn_distance,True
0.9391616766467067,0.006188268590545518,0.6746849893356581,0.03065458013164787,0.4800974409988722,0.03558549234721179,sms_spam_collection,5,5,completed,False,T_beta_no_mutual,True
0.9394011976047905,0.006141739595189481,0.6759880455106142,0.031107549888238543,0.48176458224678564,0.03627592876444825,sms_spam_collection,5,5,completed,False,T_beta_no_snn,True
0.939880239520958,0.006188268590545522,0.6783220696638108,0.031905070763172005,0.48473362898137723,0.037370991166205146,sms_spam_collection,5,5,completed,False,T_beta_no_perturb,True
0.8911540969354487,0.009732549353816271,0.6118021277538854,0.030822154377093593,0.4995528202799321,0.02733241268233157,spambase,5,5,completed,False,T_full,True
0.8938056944142578,0.011867264080902112,0.6205026052911142,0.03786419767649763,0.522981605748565,0.029906052777113546,spambase,5,5,completed,False,F_matched_total_mix,True
0.8939795696587698,0.012049763005358632,0.6210630111384882,0.038505506726128846,0.5234032482511423,0.030421199692435792,spambase,5,5,completed,False,T_shuffled_gate,True
0.8938056944142578,0.011865273630529876,0.620499237435693,0.03789923493058379,0.5226680588323588,0.029974550406102234,spambase,5,5,completed,False,T_fixed_mean_gate,True
0.8885894370788959,0.011779366089518522,0.6042040489073062,0.037061564594855156,0.5103998100422092,0.028660349411742055,spambase,5,5,completed,False,T_random_neighbor,True
0.7980004346881113,0.02242628384857495,0.3566214130979418,0.05316713047226401,0.2976631716976884,0.03256855114436042,spambase,5,5,completed,False,T_no_vicinal,True
0.8938926320365137,0.011844154291422153,0.6207705253113243,0.03782714973868286,0.5228266676363011,0.029889893262665057,spambase,5,5,completed,False,T_uniform_pseudo_loss,True
0.8936318191697457,0.011936720743744592,0.6199600428206481,0.03807688191579992,0.5225397477751605,0.029872911997590276,spambase,5,5,completed,False,T_edge_none,True
0.8935883503586177,0.0114664181826104,0.6197923765677011,0.03655737540714305,0.5225044321741205,0.02913835155888488,spambase,5,5,completed,False,T_edge_sim,True
0.8931971310584655,0.011277413180024445,0.6185470643251147,0.03591731566624604,0.5212848973622956,0.028315438691645288,spambase,5,5,completed,False,T_edge_sim_mutual,True
0.8938926320365137,0.011844154291422153,0.6207705253113243,0.03782714973868286,0.5228266676363011,0.029889893262665057,spambase,5,5,completed,False,T_edge_sim_mutual_snn,True
0.8934144751141057,0.011274271168248803,0.6192272648765919,0.03592912214028004,0.5215897554818979,0.028494647158885392,spambase,5,5,completed,False,T_edge_sim_mutual_snn_distance,True
0.8936752879808736,0.01207619589959346,0.6201050960000926,0.03852927214980755,0.5223852612291708,0.030305280618170883,spambase,5,5,completed,False,T_beta_no_mutual,True
0.8936318191697457,0.01129833759533717,0.6199154829312991,0.036028810460168495,0.5223141893786558,0.02900354676684866,spambase,5,5,completed,False,T_beta_no_snn,True
0.8936752879808736,0.011777160234476048,0.620085750553049,0.037574698968220244,0.5226066536244098,0.029647921998118134,spambase,5,5,completed,False,T_beta_no_perturb,True
