dataset_id,variant,metric,full_minus_variant_mean,full_mean,variant_mean,full_n,variant_n,weights_frozen,training_enabled
ISOLET,F_matched_total_mix,ARI,0.09505436230925718,0.5392470935430648,0.4441927312338076,5,5,True,False
ISOLET,F_matched_total_mix,NMI,0.0751195006732086,0.7505897767035581,0.6754702760303495,5,5,True,False
ISOLET,F_matched_total_mix,ACC,0.0758753366679491,0.6104399127869693,0.5345645761190202,5,5,True,False
ISOLET,T_shuffled_gate,ARI,0.08750482856578201,0.5392470935430648,0.45174226497728276,5,5,True,False
ISOLET,T_shuffled_gate,NMI,0.07504106838921976,0.7505897767035581,0.6755487083143383,5,5,True,False
ISOLET,T_shuffled_gate,ACC,0.0711812235475181,0.6104399127869693,0.5392586892394512,5,5,True,False
ISOLET,T_fixed_mean_gate,ARI,0.07621554132891761,0.5392470935430648,0.46303155221414716,5,5,True,False
ISOLET,T_fixed_mean_gate,NMI,0.06480673153475947,0.7505897767035581,0.6857830451687986,5,5,True,False
ISOLET,T_fixed_mean_gate,ACC,0.053225599589585726,0.6104399127869693,0.5572143131973836,5,5,True,False
ISOLET,T_random_neighbor,ARI,0.07250795853616859,0.5392470935430648,0.4667391350068962,5,5,True,False
ISOLET,T_random_neighbor,NMI,0.0642991393916883,0.7505897767035581,0.6862906373118698,5,5,True,False
ISOLET,T_random_neighbor,ACC,0.04550468128767471,0.6104399127869693,0.5649352314992946,5,5,True,False
ISOLET,T_no_vicinal,ARI,0.04883506488047906,0.5392470935430648,0.4904120286625857,5,5,True,False
ISOLET,T_no_vicinal,NMI,0.054420298932826405,0.7505897767035581,0.6961694777707317,5,5,True,False
ISOLET,T_no_vicinal,ACC,0.03429524175965115,0.6104399127869693,0.5761446710273181,5,5,True,False
Mouse_retina,F_matched_total_mix,ARI,0.4236529076971265,0.9675539289124593,0.5439010212153328,5,5,True,False
Mouse_retina,F_matched_total_mix,NMI,0.40289029034116286,0.9383095613293708,0.535419270988208,5,5,True,False
Mouse_retina,F_matched_total_mix,ACC,0.1485871647509578,0.9908285440613026,0.8422413793103448,5,5,True,False
Mouse_retina,T_shuffled_gate,ARI,0.4237164711605992,0.9675539289124593,0.5438374577518601,5,5,True,False
Mouse_retina,T_shuffled_gate,NMI,0.40310955095975964,0.9383095613293708,0.5352000103696112,5,5,True,False
Mouse_retina,T_shuffled_gate,ACC,0.14863505747126438,0.9908285440613026,0.8421934865900382,5,5,True,False
Mouse_retina,T_fixed_mean_gate,ARI,0.4235985641405169,0.9675539289124593,0.5439553647719424,5,5,True,False
Mouse_retina,T_fixed_mean_gate,NMI,0.40285348769035123,0.9383095613293708,0.5354560736390196,5,5,True,False
Mouse_retina,T_fixed_mean_gate,ACC,0.14856321839080444,0.9908285440613026,0.8422653256704982,5,5,True,False
Mouse_retina,T_random_neighbor,ARI,0.42324406318995766,0.9675539289124593,0.5443098657225016,5,5,True,False
Mouse_retina,T_random_neighbor,NMI,0.403146202489985,0.9383095613293708,0.5351633588393858,5,5,True,False
Mouse_retina,T_random_neighbor,ACC,0.1484674329501915,0.9908285440613026,0.8423611111111111,5,5,True,False
Mouse_retina,T_no_vicinal,ARI,0.42246884378580074,0.9675539289124593,0.5450850851266585,5,5,True,False
Mouse_retina,T_no_vicinal,NMI,0.40114652147909935,0.9383095613293708,0.5371630398502715,5,5,True,False
Mouse_retina,T_no_vicinal,ACC,0.14784482758620676,0.9908285440613026,0.8429837164750958,5,5,True,False
Pollen,F_matched_total_mix,ARI,-0.0044866149329332305,0.95881419244786,0.9633008073807933,5,5,True,False
Pollen,F_matched_total_mix,NMI,-0.005125851202973708,0.955980409246467,0.9611062604494407,5,5,True,False
Pollen,F_matched_total_mix,ACC,-0.005980066445182786,0.9375415282392027,0.9435215946843855,5,5,True,False
Pollen,T_shuffled_gate,ARI,-0.004424675520619092,0.95881419244786,0.9632388679684791,5,5,True,False
Pollen,T_shuffled_gate,NMI,-0.0054563250731715085,0.955980409246467,0.9614367343196385,5,5,True,False
Pollen,T_shuffled_gate,ACC,-0.0053156146179401675,0.9375415282392027,0.9428571428571428,5,5,True,False
Pollen,T_fixed_mean_gate,ARI,-0.004398685102174782,0.95881419244786,0.9632128775500348,5,5,True,False
Pollen,T_fixed_mean_gate,NMI,-0.005346491932147424,0.955980409246467,0.9613269011786144,5,5,True,False
Pollen,T_fixed_mean_gate,ACC,-0.005980066445182786,0.9375415282392027,0.9435215946843855,5,5,True,False
Pollen,T_random_neighbor,ARI,-0.003168188635849889,0.95881419244786,0.9619823810837099,5,5,True,False
Pollen,T_random_neighbor,NMI,-0.0029905232243937485,0.955980409246467,0.9589709324708607,5,5,True,False
Pollen,T_random_neighbor,ACC,-0.0046511627906976605,0.9375415282392027,0.9421926910299003,5,5,True,False
Pollen,T_no_vicinal,ARI,0.0009967820147626094,0.95881419244786,0.9578174104330974,5,5,True,False
Pollen,T_no_vicinal,NMI,0.003443609580061291,0.955980409246467,0.9525367996664057,5,5,True,False
Pollen,T_no_vicinal,ACC,-0.0013289036544851252,0.9375415282392027,0.9388704318936878,5,5,True,False
Wang,F_matched_total_mix,ARI,-0.06700190617506974,0.9234252315040539,0.9904271376791236,5,5,True,False
Wang,F_matched_total_mix,NMI,-0.11271820698587742,0.859443842758815,0.9721620497446924,5,5,True,False
Wang,F_matched_total_mix,ACC,-0.015715936547956666,0.9821199705851456,0.9978359071331022,5,5,True,False
Wang,T_shuffled_gate,ARI,-0.06709436341582475,0.9234252315040539,0.9905195949198786,5,5,True,False
Wang,T_shuffled_gate,NMI,-0.11292885944465314,0.859443842758815,0.9723727022034682,5,5,True,False
Wang,T_shuffled_gate,ACC,-0.015736947158314862,0.9821199705851456,0.9978569177434604,5,5,True,False
Wang,T_fixed_mean_gate,ARI,-0.06709436341582475,0.9234252315040539,0.9905195949198786,5,5,True,False
Wang,T_fixed_mean_gate,NMI,-0.11292885944465314,0.859443842758815,0.9723727022034682,5,5,True,False
Wang,T_fixed_mean_gate,ACC,-0.015736947158314862,0.9821199705851456,0.9978569177434604,5,5,True,False
Wang,T_random_neighbor,ARI,-0.06746519198387801,0.9234252315040539,0.9908904234879319,5,5,True,False
Wang,T_random_neighbor,NMI,-0.11385700396103893,0.859443842758815,0.973300846719854,5,5,True,False
Wang,T_random_neighbor,ACC,-0.01582098959974787,0.9821199705851456,0.9979409601848934,5,5,True,False
Wang,T_no_vicinal,ARI,0.013133048603421571,0.9234252315040539,0.9102921829006323,5,5,True,False
Wang,T_no_vicinal,NMI,0.021271131000635046,0.859443842758815,0.83817271175818,5,5,True,False
Wang,T_no_vicinal,ACC,0.003088559722659978,0.9821199705851456,0.9790314108624856,5,5,True,False
breast_cancer_wisconsin_original,F_matched_total_mix,ARI,0.3625533576524732,0.8909994051380741,0.5284460474856009,5,5,True,False
breast_cancer_wisconsin_original,F_matched_total_mix,NMI,0.3113900558621976,0.8162412137186525,0.504851157856455,5,5,True,False
breast_cancer_wisconsin_original,F_matched_total_mix,ACC,0.10893118594436313,0.972181551976574,0.8632503660322108,5,5,True,False
breast_cancer_wisconsin_original,T_shuffled_gate,ARI,0.36175898213900237,0.8909994051380741,0.5292404229990717,5,5,True,False
breast_cancer_wisconsin_original,T_shuffled_gate,NMI,0.31089045015479866,0.8162412137186525,0.5053507635638539,5,5,True,False
breast_cancer_wisconsin_original,T_shuffled_gate,ACC,0.1086383601756955,0.972181551976574,0.8635431918008785,5,5,True,False
breast_cancer_wisconsin_original,T_fixed_mean_gate,ARI,0.3625533576524732,0.8909994051380741,0.5284460474856009,5,5,True,False
breast_cancer_wisconsin_original,T_fixed_mean_gate,NMI,0.3113900558621976,0.8162412137186525,0.504851157856455,5,5,True,False
breast_cancer_wisconsin_original,T_fixed_mean_gate,ACC,0.10893118594436313,0.972181551976574,0.8632503660322108,5,5,True,False
breast_cancer_wisconsin_original,T_random_neighbor,ARI,0.35831795113836784,0.8909994051380741,0.5326814539997062,5,5,True,False
breast_cancer_wisconsin_original,T_random_neighbor,NMI,0.307404911385444,0.8162412137186525,0.5088363023332085,5,5,True,False
breast_cancer_wisconsin_original,T_random_neighbor,ACC,0.10746705710102489,0.972181551976574,0.8647144948755491,5,5,True,False
breast_cancer_wisconsin_original,T_no_vicinal,ARI,0.3121147333733154,0.8909994051380741,0.5788846717647587,5,5,True,False
breast_cancer_wisconsin_original,T_no_vicinal,NMI,0.28458754440535816,0.8162412137186525,0.5316536693132944,5,5,True,False
breast_cancer_wisconsin_original,T_no_vicinal,ACC,0.09165446559297219,0.972181551976574,0.8805270863836018,5,5,True,False
reuters,F_matched_total_mix,ARI,0.001124110007781981,0.2025369880140845,0.20141287800630253,5,5,True,False
reuters,F_matched_total_mix,NMI,0.00237827790070122,0.2975937011621148,0.2952154232614136,5,5,True,False
reuters,F_matched_total_mix,ACC,-0.002068126520681335,0.5332420924574208,0.5353102189781022,5,5,True,False
reuters,T_shuffled_gate,ARI,0.0009509006022541955,0.2025369880140845,0.20158608741183032,5,5,True,False
reuters,T_shuffled_gate,NMI,0.002213887107485657,0.2975937011621148,0.29537981405462915,5,5,True,False
reuters,T_shuffled_gate,ACC,-0.0021289537712896323,0.5332420924574208,0.5353710462287105,5,5,True,False
reuters,T_fixed_mean_gate,ARI,0.0009217365521959064,0.2025369880140845,0.2016152514618886,5,5,True,False
reuters,T_fixed_mean_gate,NMI,0.002114560684814415,0.2975937011621148,0.2954791404773004,5,5,True,False
reuters,T_fixed_mean_gate,ACC,-0.0021897810218979297,0.5332420924574208,0.5354318734793188,5,5,True,False
reuters,T_random_neighbor,ARI,0.0015219434059209613,0.2025369880140845,0.20101504460816355,5,5,True,False
reuters,T_random_neighbor,NMI,0.002779337230331469,0.2975937011621148,0.29481436393178334,5,5,True,False
reuters,T_random_neighbor,ACC,-0.0017335766423358656,0.5332420924574208,0.5349756690997567,5,5,True,False
reuters,T_no_vicinal,ARI,-0.0007816843941248486,0.2025369880140845,0.20331867240820936,5,5,True,False
reuters,T_no_vicinal,NMI,0.00028606423056076746,0.2975937011621148,0.29730763693155404,5,5,True,False
reuters,T_no_vicinal,ACC,-0.0020377128953772417,0.5332420924574208,0.5352798053527981,5,5,True,False
sms_spam_collection,F_matched_total_mix,ARI,0.14015731164188505,0.8148423009775432,0.6746849893356581,5,5,True,False
sms_spam_collection,F_matched_total_mix,NMI,0.19313096581223188,0.6732284068111041,0.4800974409988722,5,5,True,False
sms_spam_collection,F_matched_total_mix,ACC,0.028263473053892096,0.9674251497005988,0.9391616766467067,5,5,True,False
sms_spam_collection,T_shuffled_gate,ARI,0.13885425546692898,0.8148423009775432,0.6759880455106142,5,5,True,False
sms_spam_collection,T_shuffled_gate,NMI,0.19146382456431843,0.6732284068111041,0.48176458224678564,5,5,True,False
sms_spam_collection,T_shuffled_gate,ACC,0.028023952095808324,0.9674251497005988,0.9394011976047905,5,5,True,False
sms_spam_collection,T_fixed_mean_gate,ARI,0.14015731164188505,0.8148423009775432,0.6746849893356581,5,5,True,False
sms_spam_collection,T_fixed_mean_gate,NMI,0.19313096581223188,0.6732284068111041,0.4800974409988722,5,5,True,False
sms_spam_collection,T_fixed_mean_gate,ACC,0.028263473053892096,0.9674251497005988,0.9391616766467067,5,5,True,False
sms_spam_collection,T_random_neighbor,ARI,0.14149571290690288,0.8148423009775432,0.6733465880706403,5,5,True,False
sms_spam_collection,T_random_neighbor,NMI,0.19449847602759773,0.6732284068111041,0.47872993078350634,5,5,True,False
sms_spam_collection,T_random_neighbor,ACC,0.02850299401197609,0.9674251497005988,0.9389221556886227,5,5,True,False
sms_spam_collection,T_no_vicinal,ARI,0.12635379426989202,0.8148423009775432,0.6884885067076512,5,5,True,False
sms_spam_collection,T_no_vicinal,NMI,0.17502253294611037,0.6732284068111041,0.4982058738649937,5,5,True,False
sms_spam_collection,T_no_vicinal,ACC,0.027305389221556897,0.9674251497005988,0.9401197604790419,5,5,True,False
spambase,F_matched_total_mix,ARI,-0.008700477537228801,0.6118021277538854,0.6205026052911142,5,5,True,False
spambase,F_matched_total_mix,NMI,-0.023428785468632918,0.4995528202799321,0.522981605748565,5,5,True,False
spambase,F_matched_total_mix,ACC,-0.0026515974788091645,0.8911540969354487,0.8938056944142578,5,5,True,False
spambase,T_shuffled_gate,ARI,-0.009260883384602736,0.6118021277538854,0.6210630111384882,5,5,True,False
spambase,T_shuffled_gate,NMI,-0.023850427971210175,0.4995528202799321,0.5234032482511423,5,5,True,False
spambase,T_shuffled_gate,ACC,-0.0028254727233211208,0.8911540969354487,0.8939795696587698,5,5,True,False
spambase,T_fixed_mean_gate,ARI,-0.008697109681807591,0.6118021277538854,0.620499237435693,5,5,True,False
spambase,T_fixed_mean_gate,NMI,-0.023115238552426698,0.4995528202799321,0.5226680588323588,5,5,True,False
spambase,T_fixed_mean_gate,ACC,-0.0026515974788091645,0.8911540969354487,0.8938056944142578,5,5,True,False
spambase,T_random_neighbor,ARI,0.007598078846579259,0.6118021277538854,0.6042040489073062,5,5,True,False
spambase,T_random_neighbor,NMI,-0.01084698976227716,0.4995528202799321,0.5103998100422092,5,5,True,False
spambase,T_random_neighbor,ACC,0.0025646598565527423,0.8911540969354487,0.8885894370788959,5,5,True,False
spambase,T_no_vicinal,ARI,0.2551807146559436,0.6118021277538854,0.3566214130979418,5,5,True,False
spambase,T_no_vicinal,NMI,0.20188964858224367,0.4995528202799321,0.2976631716976884,5,5,True,False
spambase,T_no_vicinal,ACC,0.09315366224733734,0.8911540969354487,0.7980004346881113,5,5,True,False
