dataset,role,principle,seed,status,ARI,NMI,ACC,L_rec,effective_changed_coordinate_rate,support_change_rate,value_change_rate,total_absolute_change,exact_budget_all_epochs,physical_gpu
Mouse_retina,corruption_presence_case,P0_Random,42,completed_valid,0.44559094911310654,0.37168142262527,0.6761254789272031,0.782645046710968,0.26934978148946354,0.1118231411637931,0.15752664032567051,152689.58781588674,True,2
Mouse_retina,corruption_presence_case,P0_Random,123,completed_valid,0.4412719260973316,0.3750767028470228,0.6791187739463601,0.7751665711402893,0.26934978148946354,0.11180592971743296,0.15754385177203065,152696.1497077644,True,3
Mouse_retina,corruption_presence_case,P0_Random,7,completed_valid,0.43263895402245794,0.3835382894383278,0.657088122605364,0.7763159871101379,0.26934978148946354,0.11183140390525224,0.15751837758421136,152564.52633218642,True,4
Mouse_retina,corruption_presence_case,P1_SupportPreserve,42,completed_valid,0.7566505518541462,0.4915068009271435,0.8314176245210728,0.7697479724884033,0.26934978148946354,0.0,0.26934978148946354,165271.9953069965,True,5
Mouse_retina,corruption_presence_case,P1_SupportPreserve,123,completed_valid,0.7359648098524302,0.47914198719064316,0.8187260536398467,0.7648147940635681,0.26934978148946354,0.0,0.26934978148946354,165437.60772474558,True,6
Mouse_retina,corruption_presence_case,P1_SupportPreserve,7,completed_valid,0.7840178834797183,0.5004505774390697,0.8377634099616859,0.7672171592712402,0.26934978148946354,0.0,0.26934978148946354,165218.85525675764,True,2
Mouse_retina,corruption_presence_case,P2_SupportTarget,42,completed_valid,0.8009431894052937,0.615714666559893,0.8842193486590039,0.8131085634231567,0.26934978148946354,0.26934978148946354,0.0,212458.73953964215,True,3
Mouse_retina,corruption_presence_case,P2_SupportTarget,123,completed_valid,0.854622070766955,0.6881537447116747,0.8978687739463601,0.8144633173942566,0.26934978148946354,0.26934978148946354,0.0,212644.11186138142,True,4
Mouse_retina,corruption_presence_case,P2_SupportTarget,7,completed_valid,0.8486310014012804,0.6698226405093284,0.8985871647509579,0.8073419332504272,0.26934978148946354,0.26934978148946354,0.0,212622.95556185866,True,5
Mouse_retina,corruption_presence_case,P3_FrequencyAware,42,completed_valid,0.8207069845460658,0.5397689948464683,0.8528496168582376,0.7487020492553711,0.26934978148946354,0.0,0.26934978148946354,97473.97289778019,True,6
Mouse_retina,corruption_presence_case,P3_FrequencyAware,123,completed_valid,0.8193814865771559,0.5498656614250049,0.8510536398467433,0.7493942975997925,0.26934978148946354,0.0,0.26934978148946354,97471.44322913761,True,2
Mouse_retina,corruption_presence_case,P3_FrequencyAware,7,completed_valid,0.843515868967819,0.5558233287596311,0.8585967432950191,0.7437469363212585,0.26934978148946354,0.0,0.26934978148946354,97461.42890453835,True,3
Mouse_retina,corruption_presence_case,P4_ResidualHard,42,completed_valid,0.8180237368927965,0.5530422701948445,0.8691331417624522,0.7652931809425354,0.26934978148946354,0.0,0.26934978148946354,140759.59994554892,True,4
Mouse_retina,corruption_presence_case,P4_ResidualHard,123,completed_valid,0.8228745466474621,0.566483969575815,0.8687739463601533,0.7651140689849854,0.26934978148946354,0.0,0.26934978148946354,140656.75391831546,True,5
Mouse_retina,corruption_presence_case,P4_ResidualHard,7,completed_valid,0.8327851743893818,0.5697370415570296,0.8664990421455939,0.7693839073181152,0.26934978148946354,0.0,0.26934978148946354,137510.42840665704,True,6
Mouse_retina,corruption_presence_case,P5_GeometryHard,42,completed_valid,0.5868913943450482,0.40029161657157114,0.7709530651340997,0.7706234455108643,0.26934978148946354,0.0,0.26934978148946354,221296.11445587353,True,2
Mouse_retina,corruption_presence_case,P5_GeometryHard,123,completed_valid,0.5383131467014028,0.3602598710542746,0.7510775862068966,0.7697848677635193,0.26934978148946354,0.0,0.26934978148946354,221367.1216813753,True,3
Mouse_retina,corruption_presence_case,P5_GeometryHard,7,completed_valid,0.5452266273699662,0.37600207549951065,0.7543103448275862,0.7744146585464478,0.26934978148946354,0.0,0.26934978148946354,221170.09761629254,True,4
Baron Human,support_sensitive_case,P0_Random,42,completed_valid,0.19819345994115267,0.3145148860423438,0.4030292273103775,0.7900282144546509,0.07884791740622411,0.05033585152644658,0.028512065879777546,2539764.6282198946,True,5
Baron Human,support_sensitive_case,P0_Random,123,completed_valid,0.2682803205588377,0.32490155353189354,0.4929594130872086,0.7853378057479858,0.07884791740622411,0.05033350959452531,0.028514407811698807,2535537.2593796053,True,6
Baron Human,support_sensitive_case,P0_Random,7,completed_valid,0.17762737422843303,0.3111824656985069,0.40563246953023313,0.7819823026657104,0.07884791740622411,0.050324049422159116,0.028523867984065008,2539552.5393731813,True,2
Baron Human,support_sensitive_case,P1_SupportPreserve,42,completed_valid,0.08242237117776721,0.14124764431175044,0.3007928055851379,0.7441070079803467,0.07884791740622411,0.0,0.07884791740622411,5032119.565632083,True,3
Baron Human,support_sensitive_case,P1_SupportPreserve,123,completed_valid,0.08351407945769694,0.14107271315965003,0.3342799668678263,0.7400620579719543,0.07884791740622411,0.0,0.07884791740622411,5018715.077389836,True,4
Baron Human,support_sensitive_case,P1_SupportPreserve,7,completed_valid,0.09930111937724934,0.1628784927869483,0.30741924032658857,0.747138500213623,0.07884791740622411,0.0,0.07884791740622411,5004526.168944617,True,5
Baron Human,support_sensitive_case,P2_SupportTarget,42,completed_valid,0.29041208025150633,0.5274507322691175,0.5437226363743936,0.8585702776908875,0.07884791740622411,0.07884791740622411,0.0,7232798.015330174,True,6
Baron Human,support_sensitive_case,P2_SupportTarget,123,completed_valid,0.40823425583438505,0.5599820706647112,0.6247781327653532,0.8482182025909424,0.07884791740622411,0.07884791740622411,0.0,7252753.958895308,True,2
Baron Human,support_sensitive_case,P2_SupportTarget,7,completed_valid,0.3236612807943432,0.5224579371597105,0.5768548100816472,0.8596418499946594,0.07884791740622411,0.07884791740622411,0.0,7224232.014495015,True,3
Baron Human,support_sensitive_case,P3_FrequencyAware,42,completed_valid,0.10032404591043843,0.16820013001172204,0.3372381966631168,0.7364839315414429,0.07884791740622411,0.0,0.07884791740622411,2087834.3480809191,True,4
Baron Human,support_sensitive_case,P3_FrequencyAware,123,completed_valid,0.10267957260045255,0.1799042655654374,0.3533309667494971,0.7389764189720154,0.07884791740622411,0.0,0.07884791740622411,2098537.0903532547,True,5
Baron Human,support_sensitive_case,P3_FrequencyAware,7,completed_valid,0.11626463211669291,0.17906416843353273,0.3432729854455094,0.7449736595153809,0.07884791740622411,0.0,0.07884791740622411,2098082.1549737533,True,6
Baron Human,support_sensitive_case,P4_ResidualHard,42,completed_valid,0.0991736486050837,0.16969606311139337,0.3128623831499231,0.7424392104148865,0.07884791740622411,0.0,0.07884791740622411,3792048.986522665,True,2
Baron Human,support_sensitive_case,P4_ResidualHard,123,completed_valid,0.11356897169450333,0.19671387134953894,0.35415927109217843,0.7419255375862122,0.07884791740622411,0.0,0.07884791740622411,3770471.50478966,True,3
Baron Human,support_sensitive_case,P4_ResidualHard,7,completed_valid,0.12315388882187905,0.19288442286015395,0.3309667494971009,0.745720386505127,0.07884791740622411,0.0,0.07884791740622411,3761303.1497294544,True,4
Baron Human,support_sensitive_case,P5_GeometryHard,42,completed_valid,0.09371706454607043,0.15279783005564668,0.3255236066737664,0.7466692328453064,0.07884791740622411,0.0,0.07884791740622411,6161312.530023291,True,5
Baron Human,support_sensitive_case,P5_GeometryHard,123,completed_valid,0.09447581526291293,0.15474023445781837,0.30753756951840017,0.7456733584403992,0.07884791740622411,0.0,0.07884791740622411,6190341.409392891,True,6
Baron Human,support_sensitive_case,P5_GeometryHard,7,completed_valid,0.10664943457934874,0.1738673543024548,0.3245769731392735,0.7533120512962341,0.07884791740622411,0.0,0.07884791740622411,6209556.108231557,True,2
Campbell,difficulty_sensitive_case,P0_Random,42,completed_valid,0.027551019329986753,0.0792074154455867,0.19903932752927048,0.7700955867767334,0.09043517962573805,0.07186668688915573,0.018568492736582277,174049.73550816873,True,3
Campbell,difficulty_sensitive_case,P0_Random,123,completed_valid,0.012340629714800417,0.08942398415998401,0.19353547483238268,0.7716335654258728,0.09043517962573805,0.07184552624337036,0.01858965338236766,173815.56079961458,True,4
Campbell,difficulty_sensitive_case,P0_Random,7,completed_valid,0.030621800132568863,0.0927813973506215,0.19693785649954967,0.7735539674758911,0.09043517962573805,0.07183346050568733,0.018601719120050705,173948.36279999663,True,5
Campbell,difficulty_sensitive_case,P1_SupportPreserve,42,completed_valid,0.05319311996743491,0.05122441872148584,0.19463624537176022,0.7513971924781799,0.09043517962573805,0.0,0.09043517962573805,262013.95372726122,True,6
Campbell,difficulty_sensitive_case,P1_SupportPreserve,123,completed_valid,0.05179129695603586,0.045904518276587966,0.17842489742819975,0.7574021816253662,0.09043517962573805,0.0,0.09043517962573805,262350.4558014939,True,2
Campbell,difficulty_sensitive_case,P1_SupportPreserve,7,completed_valid,0.055194437346494186,0.04790374983566777,0.19113379365555888,0.7530103921890259,0.09043517962573805,0.0,0.09043517962573805,262061.57249794703,True,3
Campbell,difficulty_sensitive_case,P2_SupportTarget,42,completed_valid,0.22469056358499132,0.2580942596309877,0.38476933853697587,0.7824136018753052,0.09043517962573805,0.09043517962573805,0.0,403367.85938242474,True,4
Campbell,difficulty_sensitive_case,P2_SupportTarget,123,completed_valid,0.157992716150677,0.23701243485313714,0.33213249274492146,0.7739119529724121,0.09043517962573805,0.09043517962573805,0.0,404150.5173042665,True,5
Campbell,difficulty_sensitive_case,P2_SupportTarget,7,completed_valid,0.12847773334599327,0.2259527836088522,0.31421995396777747,0.7871357798576355,0.09043517962573805,0.09043517962573805,0.0,402726.52663413086,True,6
Campbell,difficulty_sensitive_case,P3_FrequencyAware,42,completed_valid,0.05771063905046866,0.06935415212799032,0.20634444110877614,0.7451249361038208,0.09043517962573805,0.0,0.09043517962573805,61251.848963774246,True,2
Campbell,difficulty_sensitive_case,P3_FrequencyAware,123,completed_valid,0.0766220306017784,0.06271959591354895,0.22605824076853798,0.7444188594818115,0.09043517962573805,0.0,0.09043517962573805,61323.393263272446,True,3
Campbell,difficulty_sensitive_case,P3_FrequencyAware,7,completed_valid,0.07452994152181014,0.08559583538461715,0.23096167317121985,0.7470253705978394,0.09043517962573805,0.0,0.09043517962573805,61379.474021610615,True,4
Campbell,difficulty_sensitive_case,P4_ResidualHard,42,completed_valid,0.1011793061000358,0.08580080352258566,0.2190533373361353,0.7530842423439026,0.09043517962573805,0.0,0.09043517962573805,145956.6221714119,True,5
Campbell,difficulty_sensitive_case,P4_ResidualHard,123,completed_valid,0.11927026558591984,0.08633150264943934,0.22936055238667066,0.754248321056366,0.09043517962573805,0.0,0.09043517962573805,153322.3863121122,True,6
Campbell,difficulty_sensitive_case,P4_ResidualHard,7,completed_valid,0.09792569444804532,0.07169003748293973,0.21194836385469829,0.7522755265235901,0.09043517962573805,0.0,0.09043517962573805,151386.4861153712,True,2
Campbell,difficulty_sensitive_case,P5_GeometryHard,42,completed_valid,0.04381987840481086,0.06927542408423604,0.19433603522465726,0.7558885216712952,0.09043517962573805,0.0,0.09043517962573805,367572.7922534863,True,3
Campbell,difficulty_sensitive_case,P5_GeometryHard,123,completed_valid,0.034741049154123134,0.04700148129015641,0.16891824276993897,0.7580704689025879,0.09043517962573805,0.0,0.09043517962573805,367414.6002733976,True,4
Campbell,difficulty_sensitive_case,P5_GeometryHard,7,completed_valid,0.03511315766560051,0.045680924785856315,0.1795256679675773,0.7580096125602722,0.09043517962573805,0.0,0.09043517962573805,366990.5667116016,True,5
