analysis_d,analysis_feature_sampled,analysis_n,analysis_pca_dim,analysis_sampled,category,components_at_1nn_scale,components_at_median_knn_scale,components_at_p90_knn_scale,cv_knn_cosine_distance,cycle_rank_at_1nn_scale,cycle_rank_at_median_knn_scale,cycle_rank_at_p90_knn_scale,d,dataset,dataset_key,effective_neighbor_proxy,feature_error,log_nd,manifest,mean_knn_cosine_distance,mean_mutual_ratio,mean_snn,median_1nn_cosine_distance,metadata_k,n,p95_knn_cosine_distance,source_path,sparse_graph_components,sparse_graph_cycle_rank,sparse_graph_edge_count,sparse_graph_largest_component_fraction,staticgate_full_nomix_ari,tda_h0_merge_count,tda_h0_mst_edge_count,tda_h0_q50_death_norm,tda_h0_q90_death_norm,tda_h0_sparse_components,tda_h0_tail10_share,tda_h0_total_persistence_norm,v11_full_nomix_ari,v12_full_nomix_ari,v13_full_nomix_ari,v14_full_nomix_ari,v9_ari_vs_ahdpc,v9_ari_vs_hdpc,v9_full_ari,v9_full_nomix_ari,v9_full_random_ari,v9_full_static_ari,v9_nomix_ari,v9_paper_protocol,v9_random_ari,v9_static_ari
2,False,1517,2,False,synthetic,1047,161,25,6.113139129476132,355.0,4651.0,10056.0,2,2d_20c_no0,2d20cno0,0.42863239967519984,,3.4820155764507117,datasets/AHDPC/MANIFEST.json,6.855915625313825e-05,0.7899802241265655,0.4581023532243045,2.384185791015625e-07,20,1517,0.00024443864822387695,datasets/AHDPC/processed/2d_20c_no0.npz,2,11868.0,13383,0.8516809492419248,,1515,1294,5.0,140.10000000000014,2,0.9343928443705616,318071.25,,,,,-0.18262306360484748,-0.22499421763144956,,,,,,True,,
2,False,863,2,False,synthetic,594,58,5,6.416118617617991,150.0,2525.0,5567.0,2,2d_4c_no4,2d4cno4,0.43292335578276225,,3.237040791379191,datasets/AHDPC/MANIFEST.json,0.0001565234133431975,0.8041714947856315,0.4591320421563758,1.5497207641601562e-06,4,863,0.00046008825302124023,datasets/AHDPC/processed/2d_4c_no4.npz,1,6506.0,7368,1.0,,862,797,4.230769230769231,76.89230769230764,1,0.8392332516461872,48935.92307692308,,,,,-0.022944326413013694,-0.3133368493002736,,,,,,True,,
2,False,876,2,False,synthetic,577,105,15,8.815463070768143,333.0,2761.0,5747.0,2,2d_4c_no9,2d4cno9,0.4344833217218775,,3.243534101832062,datasets/AHDPC/MANIFEST.json,0.00038588809096105567,0.7837899543378996,0.44396336160034794,8.642673492431641e-07,4,876,0.0005157560110092166,datasets/AHDPC/processed/2d_4c_no9.npz,1,6785.0,7660,1.0,,875,761,3.586206896551724,112.64827586206903,1,0.951275546798567,187016.48275862072,,,,,-0.15403432785402715,-0.15403432785402715,,,,,,True,,
2,False,788,2,False,synthetic,551,34,4,3.3707325112783906,86.0,2248.0,4906.0,2,aggregation,aggregation,0.42248302988138,,3.1975562131535367,datasets/AHDPC/MANIFEST.json,0.00013557493989237675,0.8269035532994924,0.43528623801466443,2.6226043701171875e-06,7,788,0.00046275556087493745,datasets/AHDPC/processed/aggregation.npz,1,5782.0,6569,1.0,,787,741,4.045454545454546,52.777272727272724,1,0.7553953842300037,24043.068181818184,,,,,-0.4203155155018331,-0.1892375468293115,,,,,,True,,
2,False,1000,2,False,synthetic,693,68,9,5.31956746097055,169.0,2952.0,6431.0,2,asymmetric,asymmetric,0.4310698849323877,,3.3010299956639813,datasets/AHDPC/MANIFEST.json,6.034864187240601e-05,0.8032,0.4414809523809523,6.556510925292969e-07,5,1000,0.0001900792121887207,datasets/AHDPC/processed/asymmetric.npz,3,7551.0,8548,0.611,,997,892,4.7272727272727275,68.5090909090909,3,0.7883347804572911,38948.72727272727,,,,,-0.43995482369049965,-0.4375896765958285,,,,,,True,,
4,False,625,4,False,uci,385,10,2,0.8984335804379852,240.0,1945.0,3975.0,4,balance_scale,balancescale,0.38383836900865936,,3.3979400086720375,datasets/AHDPC/MANIFEST.json,0.047270164184570314,0.67392,0.16433904761904763,0.03523612022399902,3,625,0.08712899684906006,datasets/AHDPC/processed/balance_scale.npz,1,4787.0,5411,1.0,,624,576,1.071330459906219,1.4563640546447347,1,0.2001870100024611,674.3390784959843,,,,0.0028467831402617105,0.1756694506409014,-0.14808757527092534,0.1900421686316707,0.08094054285206732,-0.007938536339601066,-0.013036899983824846,0.10910162577960338,True,0.19798070497127176,0.20307906861549554
4,False,1372,4,False,uci,877,146,7,1.6802988072171516,309.0,4295.0,9542.0,4,banknote,banknote,0.3974496778286735,,3.7394141026986953,datasets/AHDPC/MANIFEST.json,0.005559374674416144,0.7170553935860058,0.36472013975658296,0.0009749531745910645,2,1372,0.01909426450729369,datasets/AHDPC/processed/banknote.npz,1,11259.0,12630,1.0,,1371,1343,1.5723543437060585,8.655560310570397,1,0.4966184074782089,4999.348352387357,,,,,-0.9508183682096208,-0.6123154205313597,,,,,,True,,
4,False,1372,4,False,related_manifest,877,146,7,1.6802986629894587,307.0,4293.0,9540.0,4,banknote_authentication,banknoteauthentication,0.39745934091543694,,3.7394141026986953,datasets/AHDPC_related_advantage/MANIFEST.json,0.005559374813435724,0.717201166180758,0.3644285945670785,0.0009748935699462891,2,1372,0.01909426450729369,datasets/AHDPC_related_advantage/banknote_authentication.npz,1,11257.0,12628,1.0,,1371,1343,1.572328197603326,8.65608950843727,1,0.4966185297659566,4999.654010760578,,0.01923856243607206,0.0013971419638783705,,,,,,,,,,,
9,False,683,9,False,result_dataset_pool,370,247,12,1.2775709791910907,2240.0,3170.0,6032.0,9,breast_cancer_wisconsin_original,breastcancerwisconsinoriginal,0.46979734433147285,,3.7886632131208575,dataset_root_scan,0.059934705085670614,0.4322108345534407,0.44573194822096723,0.01769345998764038,,683,0.21836286783218384,datasets/breast_cancer_wisconsin_original.npz,1,6957.0,7639,1.0,0.011095399788038751,682,493,1.187200813887289,7.171977820223885,1,0.4003395026589103,1752.6413371197957,-4.546022877471856e-06,,,,,,,,,,,,,
,,,,,result_dataset_pool,,,,,,,,26774,Campbell,campbell,,skipped_shape_cap: 9993x26774 > 80000000 elements,8.427409146463111,dataset_root_scan,,,,,,9993,,datasets/Campbell.npz,,,,,0.03046555553076151,,,,,,,,,,,,,,,,,,,,,
512,True,1080,50,False,result_dataset_pool,647,258,6,1.1103166111581602,1638.0,4461.0,9189.0,856,cnae9,cnae9,0.4504374996189642,,5.965897520164103,dataset_root_scan,0.11885311670877316,0.5298148148148148,0.3998684597295708,0.02912747859954834,,1080,0.3762225419282913,datasets/cnae9.npz,1,10692.0,11771,1.0,0.01583292588583779,1079,920,1.8972186183949349,7.566415103606058,1,0.3553876193782457,3177.753872693266,,,,,,,,,,,,,,
64,False,1024,50,False,synthetic,528,486,105,1.6911620824169231,4574.0,5187.0,10907.0,64,dim064,dim064,0.3997937534838476,,4.816479930623699,datasets/AHDPC/MANIFEST.json,0.0005903563229367137,0.1107421875,0.28069816468253966,0.0001977682113647461,16,1024,0.002409091591835023,datasets/AHDPC/processed/dim064.npz,16,12354.0,13362,0.0625,,1008,1005,1.0453586497890295,8.055063291139248,16,0.48361264804001225,2903.6989150090412,,,,,-0.0034519636369418905,-0.0034519636369418905,,,,,,True,,
512,False,1024,50,False,synthetic,527,469,110,2.938575937587791,4189.0,5067.0,10825.0,512,dim512,dim512,0.38787818817283537,,5.719569917615643,datasets/AHDPC/MANIFEST.json,3.3899524714797737e-05,0.1169921875,0.22983785962301587,6.973743438720703e-06,16,1024,0.00013749003410339414,datasets/AHDPC/processed/dim512.npz,16,12267.0,13275,0.0625,,1008,1006,1.0256410256410255,10.212820512820521,16,0.6992675493773365,4776.145299145299,,,,,0.0,0.0,,,,,,True,,
512,True,4000,50,True,result_dataset_pool,2770,544,24,0.49513865276894314,1338.0,15712.0,34489.0,4096,enron,enron,0.4443857386149115,,7.612316516347967,dataset_root_scan,0.2619735676795244,0.49665,0.2506460317460317,0.14618191123008728,,9999,0.4431718856096268,datasets/enron.npz,1,40048.0,44047,1.0,-0.1076411244487736,3999,3590,1.5948241924497828,2.4954620859191885,1,0.198281973109658,5600.220850303085,-0.007787270756682618,,,,,,,,,,,,,
51,False,4000,50,True,result_dataset_pool,2415,1435,89,1.813083465213601,6438.0,16598.0,31766.0,51,first-order-theorem-proving,firstordertheoremproving,0.44356656534531047,,5.494179648746596,dataset_root_scan,0.032501505652070044,0.6108,0.3937420634920635,0.0006558597087860107,,6118,0.16470388174057002,datasets/first-order-theorem-proving.npz,5,36964.0,40959,0.9585,-0.0027174176370276526,3995,3654,2.8001999363838777,135.35876766483392,5,0.5916767017879551,154184.78238742216,,,,,,,,,,,,,,
2,False,240,2,False,synthetic,171,2,1,1.3778215490088703,13.0,664.0,1438.0,2,flame,flame,0.42997569362574095,,2.681241237375587,datasets/AHDPC/MANIFEST.json,0.0012516606350739797,0.8566666666666667,0.40580687830687834,4.413723945617676e-05,2,240,0.003908991813659668,datasets/AHDPC/processed/flame.npz,1,1714.0,1953,1.0,,239,237,4.109385550303848,34.83024983119514,1,0.5003659318534197,3098.0999324780555,,,,,-0.8341855724399194,-0.6295456162742903,,,,,,True,,
10,False,214,10,False,uci,130,25,2,0.8912098515871166,134.0,683.0,1559.0,10,glass,glass,0.4091754297863304,,3.330413773349191,datasets/AHDPC/MANIFEST.json,0.11343293903029968,0.6037383177570094,0.28648568461652574,0.0392305850982666,6,214,0.33039849400520316,datasets/AHDPC/processed/glass.npz,1,1845.0,2058,1.0,,213,213,1.4770488316266066,4.271234008933727,1,0.3130545697301142,421.4807848916709,,,,,-0.01907361422931836,-0.04914434162205522,0.3904035144222399,0.040739276370795385,0.001818423695921223,0.012586412218754672,0.34966423805144453,True,0.3885850907263187,0.37781710220348524
9,False,214,9,False,related_manifest,130,36,2,0.9799690508153867,66.0,694.0,1614.0,9,glass_identification,glassidentification,0.39287446683477845,,3.2846562827885157,datasets/AHDPC_related_advantage/MANIFEST.json,0.09912488148591228,0.6233644859813084,0.2815383474261979,0.031160354614257812,6,214,0.3273013442754745,datasets/AHDPC_related_advantage/glass_identification.npz,1,1898.0,2111,1.0,,213,212,1.3282139468690701,4.999871839995103,1,0.3369405762460773,459.4802844004408,,0.005115903130906041,0.0,,,,,,,,,,,
512,True,735,50,False,result_dataset_pool,401,171,8,0.49047827787530585,1319.0,3136.0,6347.0,561,har,har,0.37423770740861023,,5.615250200340356,dataset_root_scan,0.15657743726457868,0.515374149659864,0.15850124176654792,0.11398190259933472,,735,0.29821540713310224,datasets/har.npz,1,7326.0,8060,1.0,0.09971640987866232,734,734,1.0525108782674675,2.0218602321080548,1,0.20308727141600202,855.6529935956669,0.00011204024455424566,,,,,,,,,,,,,
,,,,,result_dataset_pool,,,,,,,,25187,hrvatin_filtered,hrvatinfiltered,,skipped_shape_cap: 48266x25187 > 80000000 elements,9.084817750726675,dataset_root_scan,,,,,,48266,,datasets/hrvatin_filtered.npz,,,,,0.0004817068315407971,,,,,,,,,,,,,,,,,,,,,
19,False,210,19,False,uci,132,43,2,1.2106192966164198,64.0,688.0,1586.0,19,image_segment,imagesegment,0.3988117898033682,,3.6009728956867484,datasets/AHDPC/MANIFEST.json,0.09479402292342413,0.6647619047619048,0.3719349962207105,0.015603065490722656,7,210,0.3581777513027185,datasets/AHDPC/processed/image_segment.npz,1,1864.0,2073,1.0,,209,209,1.8935234704480166,12.52358963388547,1,0.3990982877057487,884.6887300592872,,,,,-0.14841970271697486,-0.14855341368552405,0.2728147343853067,0.021354645028687447,0.020501241183596974,0.007567991114209249,0.25146008935661923,True,0.2523134932017097,0.26524674327109743
19,False,210,19,False,related_manifest,132,43,2,1.2106192913720881,64.0,688.0,1586.0,19,image_segmentation,imagesegmentation,0.39881231063666706,,3.6009728956867484,datasets/AHDPC_related_advantage/MANIFEST.json,0.09479402456964765,0.6647619047619048,0.3719349962207105,0.015603065490722656,7,210,0.3581777513027185,datasets/AHDPC_related_advantage/image_segmentation.npz,1,1864.0,2073,1.0,,209,209,1.8935234704480166,12.52358657783755,1,0.39909831527846507,884.688668938329,,-0.00455477186715178,-0.0013216384694306749,,,,,,,,,,,
34,False,351,34,False,related_manifest,179,148,3,0.988444548959187,1035.0,1561.0,3238.0,34,ionosphere,ionosphere,0.4217372458704889,,4.076786033508079,datasets/AHDPC_related_advantage/MANIFEST.json,0.20362637477722603,0.3663817663817664,0.2686677520010853,0.0926513671875,2,351,0.5635480046272278,datasets/AHDPC_related_advantage/ionosphere.npz,1,3722.0,4072,1.0,,350,349,1.0258531733777998,4.861543316143775,1,0.2885780609351209,665.6377692945076,,-0.007887719693271456,-0.0028947126048706473,,,,,,,,,,,
4,False,150,4,False,result_dataset_pool,93,15,2,1.2142518562444637,31.0,463.0,1024.0,4,iris,iris,0.39255696689751174,,2.7781512503836434,dataset_root_scan,0.02381158685684204,0.7266666666666667,0.3066878306878307,0.006119579076766968,,150,0.08406565785408011,datasets/iris.npz,1,1225.0,1374,1.0,-0.1317814815031768,149,146,1.3394435543174945,4.845322125850423,1,0.42634832431449754,344.17276795932577,,,,,,,,,,,,,,
512,True,4000,50,True,result_dataset_pool,2341,601,41,0.35388331706680176,1705.0,14980.0,32948.0,617,ISOLET,isolet,0.3722320318494483,,6.682212698253917,dataset_root_scan,0.2017764200091362,0.5369,0.13032599206349205,0.15010866522789001,,7797,0.33508288860321045,datasets/ISOLET.npz,1,38437.0,42436,1.0,-0.07758945524082728,3999,3999,1.0826195384341402,1.6876338619813211,1,0.1740629159875836,4521.9544040862365,,,,,,,,,,,,,,
36,False,4000,36,True,uci,2054,1517,149,1.0491071308615636,14649.0,20284.0,38192.0,36,landsat,landsat,0.3718387120481557,,5.203196124935032,datasets/AHDPC/MANIFEST.json,0.04817336964607239,0.3974,0.13614007936507938,0.02435201406478882,6,4435,0.152131813764572,datasets/AHDPC/processed/landsat.npz,1,43460.0,47459,1.0,,3999,3999,1.0306222601876351,3.6582877870760413,1,0.3474771453261179,6600.8815691246555,,,,0.0316447879347278,0.02479245845124356,0.06817447107416208,0.5379230057771865,0.005500697072558625,-0.0012970485208623206,0.002335783358867305,0.5324223087046279,True,0.5392200542980489,0.5355872224183192
90,False,360,50,False,uci,244,25,2,0.76972632048463,77.0,1101.0,2597.0,90,libras_movement,librasmovement,0.4160067698234538,,4.510545010206612,datasets/AHDPC/MANIFEST.json,0.10866065975692538,0.6694444444444444,0.3522178130511464,0.032942116260528564,15,360,0.26566008031368255,datasets/AHDPC/processed/libras_movement.npz,1,3053.0,3412,1.0,,359,338,1.8715777931775703,4.856117044856218,1,0.2939430191642819,811.9835563991264,,,,,-0.0636692709480142,-0.056574649301341345,,,,,,True,,
5,False,830,5,False,result_dataset_pool,555,208,11,2.304987445240574,478.0,2937.0,6234.0,5,mammographic_mass,mammographicmass,0.4320905997444522,,3.6180480967120925,dataset_root_scan,0.015417265432426728,0.652289156626506,0.5138707209791548,0.0,,830,0.08039206266403198,datasets/mammographic_mass.npz,2,7329.0,8157,0.9192771084337349,-0.017644386862154304,828,553,54618.7162399292,3286443.948745728,2,0.6811813928063996,842911678.5526276,,,,,,,,,,,,,,
512,True,4000,50,True,result_dataset_pool,2085,1315,65,0.5195026779459894,13971.0,22924.0,42870.0,6198,Mouse_retina,mouseretina,0.3804096313320281,,7.714042057561451,dataset_root_scan,0.21479128365814687,0.2614,0.10803988095238094,0.16426882147789001,,8352,0.424987244606018,datasets/Mouse_retina.npz,1,48440.0,52439,1.0,-0.004019778232264071,3999,3999,1.0386315398170556,2.0199918468011395,1,0.204088578233568,4595.394430679395,0.0006088646954117705,,,,,,,,,,,,,
512,True,400,50,False,att_faces,275,15,1,0.5782894386538916,34.0,1202.0,2827.0,4096,olivetti_faces,olivettifaces,0.40210329395466105,,6.214419939295737,datasets/AHDPC/MANIFEST.json,0.2151246469914913,0.745,0.34849404761904756,0.0836130678653717,40,400,0.4366351813077926,datasets/AHDPC/processed/olivetti_faces.npz,1,3379.0,3778,1.0,,399,399,1.5655529017258052,3.91052360128301,1,0.24150793242210647,747.9585299200987,,,,,-0.38958376824774416,-0.45948360845074393,,,,,,True,,
512,True,1676,50,False,result_dataset_pool,894,319,5,0.4862122752364107,5284.0,8598.0,16284.0,23341,Quake_Smart-seq2_Lung,quakesmartseq2lung,0.43431709592048434,,7.592393472909286,dataset_root_scan,0.29570441297955613,0.3429594272076372,0.13902147971360382,0.2560557425022125,,1676,0.5076695263385773,datasets/Quake_Smart-seq2_Lung.npz,1,18580.0,20255,1.0,-0.0433841856722732,1675,1675,1.0447555548572156,1.6170799965781348,1,0.17922918531395293,1672.0818519507834,,,,,,,,,,,,,,
512,True,4000,50,True,result_dataset_pool,2271,766,14,0.3687864398841293,4202.0,16180.0,33309.0,4096,reuters,reuters,0.3945542906736694,,7.4303217524997685,dataset_root_scan,0.29969537656605244,0.51725,0.14883789682539683,0.23929616808891296,,6576,0.4728853672742844,datasets/reuters.npz,1,38742.0,42741,1.0,-0.0045986013902701295,3999,3969,1.0711220835008937,1.660967386670589,1,0.16692671682480292,4335.290572563714,,,,,,,,,,,,,,
7,False,3810,7,False,uci,2302,528,46,2.3375713235318196,869.0,12016.0,26526.0,7,rice,rice,0.37359400956099775,,4.426023015689876,datasets/AHDPC/MANIFEST.json,0.003924045143477873,0.7065616797900263,0.24621443152939215,0.0011766552925109863,2,3810,0.01187676191329955,datasets/AHDPC/processed/rice.npz,1,30848.0,34657,1.0,,3809,3809,1.2430474646674434,4.416757003191329,1,0.4399156753207963,8528.069094777367,,,,,-0.26938223207610557,-0.1792151265470775,,,,,,True,,
7,False,3810,7,False,related_manifest,2302,528,46,2.3375710293858125,869.0,12016.0,26526.0,7,rice_dataset_cammeo_and_osmancik,ricedatasetcammeoandosmancik,0.373593873364588,,4.426023015689876,datasets/AHDPC_related_advantage/MANIFEST.json,0.003924045446976589,0.7065616797900263,0.24621443152939215,0.0011766552925109863,2,3810,0.01187676191329955,datasets/AHDPC_related_advantage/rice_dataset_cammeo_and_osmancik.npz,1,30848.0,34657,1.0,,3809,3809,1.2430474646674434,4.416757003191329,1,0.4399156242325259,8528.068588217417,,-0.03969049074408959,0.0,,,,,,,,,,,
36,False,4000,36,True,related_manifest,2050,1512,146,1.0510035581761747,15061.0,20492.0,38286.0,36,satellite_image,satelliteimage,0.3785842382726258,,5.364851052007693,datasets/AHDPC_related_advantage/MANIFEST.json,0.048294291278719904,0.3978,0.13824126984126986,0.024683892726898193,6,6435,0.1498701363801956,datasets/AHDPC_related_advantage/satellite_image.npz,1,43552.0,47551,1.0,,3999,3999,1.0328981206248324,3.548558775448112,1,0.34540223937871317,6532.811188355263,,-0.003212097308917361,-0.0019157922514764225,,,,,,,,,,,
7,False,210,7,False,related_manifest,126,34,3,1.2518473796050316,29.0,673.0,1547.0,7,seeds,seeds,0.35912484399562117,,3.167317334748176,datasets/AHDPC_related_advantage/MANIFEST.json,0.041064278682072956,0.6552380952380953,0.2693990929705215,0.01018214225769043,3,210,0.13350613117218016,datasets/AHDPC_related_advantage/seeds.npz,1,1838.0,2047,1.0,,209,209,1.2769101084131407,5.423938698574005,1,0.40142667110235125,527.6926089399864,,-0.0098129871318835,-0.011562094134279027,,,,,,,,,,,
2,False,266,2,False,synthetic,182,20,1,1.6559785030166971,27.0,791.0,1726.0,2,smile,smile,0.41027368236249145,,2.7259116322950483,datasets/AHDPC/MANIFEST.json,0.0009874399443318073,0.8233082706766918,0.42084974340613424,2.3096799850463867e-05,3,266,0.00454483330249786,datasets/AHDPC/processed/smile.npz,1,2008.0,2273,1.0,,265,260,3.6438709677419356,66.32051612903226,1,0.5926295158129069,5332.516129032258,,,,,-0.1858771597787494,-0.1858771597787494,,,,,,True,,
500,False,835,50,False,result_dataset_pool,544,9,1,0.5054227336410898,683.0,2796.0,6093.0,500,sms_spam_collection,smsspamcollection,0.4439741292081578,,5.620656479819621,dataset_root_scan,0.28911075956093335,0.671377245508982,0.22172131926622946,0.18258845806121826,,835,0.49402416348457334,datasets/sms_spam_collection.npz,1,7178.0,8012,1.0,-0.024325547594853725,834,759,1.3214479947612496,1.949451837643137,1,0.18360105103085927,990.2454750163711,,,,,,,,,,,,,,
57,False,4000,50,True,result_dataset_pool,2429,829,36,0.826499769219366,5470.0,15695.0,34254.0,57,spambase,spambase,0.47840205847200823,,5.418727088937287,dataset_root_scan,0.13752228393554689,0.4748,0.33875555555555553,0.05286812782287598,,4601,0.33454680442810053,datasets/spambase.npz,2,39938.0,43936,0.995,0.02645700895680525,3998,3709,1.7789409005840042,4.732831630927418,2,0.27308244346686966,8259.714292317753,0.004696631405787854,,,,,,,,,,,,,
44,False,80,44,False,related_manifest,52,2,1,0.17628432691047138,3.0,223.0,531.0,44,spectf_heart,spectfheart,0.3720947905078473,,3.546542663478131,datasets/AHDPC_related_advantage/MANIFEST.json,0.5392462262511253,0.67,0.1466964285714286,0.43831926584243774,2,80,0.6951360046863555,datasets/AHDPC_related_advantage/spectf_heart.npz,1,630.0,709,1.0,,79,79,1.0605007467591143,1.2964674071568936,1,0.13185255169033375,84.43753584042594,,0.033308159747957006,0.0,0.0,,,,,,,,,,
22,False,267,22,False,uci,151,17,2,0.5635375204419496,513.0,1020.0,2133.0,22,spect_heart,spectheart,0.4680797680980925,,3.7689339421867816,datasets/AHDPC/MANIFEST.json,0.2796421833252639,0.5198501872659176,0.30907793829142144,0.2190951704978943,2,267,0.4981391608715057,datasets/AHDPC/processed/spect_heart.npz,1,2495.0,2761,1.0,,266,243,1.1275348515305619,1.7054951470520623,1,0.19491701751172552,271.8315553564156,,,,,0.26130298473858987,0.2733763318326888,0.2480670731078549,-0.012542380308478235,0.03105194649992088,-0.0010460435892188091,0.2606094534163331,True,0.217015126607934,0.2491131166970737
19,False,2310,19,False,related_manifest,1437,571,40,1.4296134239332878,1529.0,8454.0,17553.0,19,statlog_image_segmentation,statlogimagesegmentation,0.41282850714212616,,4.642365580844973,datasets/AHDPC_related_advantage/MANIFEST.json,0.024136178065172004,0.6285714285714286,0.3099848828420257,0.0036239027976989746,7,2310,0.097170889377594,datasets/AHDPC_related_advantage/statlog_image_segmentation.npz,1,20436.0,22745,1.0,,2309,2121,1.8467902432605798,13.699929275152552,1,0.4809542912678489,10739.793269626145,,0.013466217135254699,0.008683607599700327,,,,,,,,,,,
33,False,4000,33,True,uci,2161,1647,165,1.299766544290509,11193.0,18507.0,38098.0,33,student_evaluation,studentevaluation,0.45896481081983137,,5.283436924527776,datasets/AHDPC/MANIFEST.json,0.10426559938788414,0.37175,0.3925142857142857,0.017186999320983887,3,5820,0.3976330161094665,datasets/AHDPC/processed/student_evaluation.npz,1,43513.0,47512,1.0,,3999,3153,1.6301196462632217,16.98775307785678,1,0.4021284918254661,21166.030015606033,,,,,-0.014000610362232841,-0.02527376287807545,,,,,,True,,
2,False,800,2,False,synthetic,552,25,2,1.417263263823605,138.0,2279.0,4943.0,2,twodiamonds,twodiamonds,0.43228615763858597,,3.204119982655925,datasets/AHDPC/MANIFEST.json,6.538975238800049e-05,0.806,0.4357916666666667,2.3245811462402344e-06,2,800,0.0002710074186325071,datasets/AHDPC/processed/twodiamonds.npz,2,5777.0,6575,0.5,,798,752,3.6153846153846154,41.1948717948718,2,0.598976752611303,12173.410256410256,,,,,-0.014949959161972948,-0.014949959161972948,,,,,,True,,
2,False,4000,2,True,synthetic,1478,637,103,12.775989588386246,5488.0,14308.0,27875.0,2,unbalance,unbalance,0.530763989774832,,4.113943352306837,datasets/AHDPC/MANIFEST.json,1.6185253858566284e-05,0.712,0.5162742063492064,0.0,8,6500,2.1699070930480914e-05,datasets/AHDPC/processed/unbalance.npz,3,31566.0,35563,0.39325,,3997,1475,0.0,166.89300537109375,3,0.9881866625257741,3032368.4215545654,,,,,-0.4249834404549424,-0.4249834404549424,,,,,,True,,
18,False,846,18,False,related_manifest,472,162,6,0.76482985218532,521.0,3072.0,6692.0,18,vehicle,vehicle,0.37200375736962876,,4.18264286814233,datasets/AHDPC_related_advantage/MANIFEST.json,0.07430461815626627,0.6066193853427896,0.1976697061803445,0.0375005304813385,4,846,0.19171428680419922,datasets/AHDPC_related_advantage/vehicle.npz,1,7809.0,8654,1.0,,845,845,1.1103711409518648,3.0132547728737538,1,0.28168898159697775,1255.8421770805107,,-0.0038335962925337003,0.005838367770096886,0.001212208630522682,-0.01198374149034781,0.006337607231310216,0.0748653631604413,-0.011436264001038629,-0.00013094593622947626,-0.008792675046883469,0.08630162716147993,True,0.07499630909667078,0.08365803820732477
6,False,310,6,False,related_manifest,182,34,2,0.8764192330770147,90.0,1036.0,2330.0,6,vertebral_column,vertebralcolumn,0.39312757746334925,,3.269512944217916,datasets/AHDPC_related_advantage/MANIFEST.json,0.06925109413362318,0.6735483870967742,0.21144649257552484,0.027088701725006104,2,310,0.19369685649871826,datasets/AHDPC_related_advantage/vertebral_column.npz,1,2741.0,3050,1.0,,309,309,1.2536652342383376,3.5495653207121207,1,0.3092380085608138,517.2995491481342,,-0.0037586247880026513,-0.0018737238856162408,-0.013838283165219914,-0.02302761187391164,0.015845513008548195,0.23399849286975907,-0.017061309644922223,0.0,-0.008454543247977675,0.2510598025146813,True,0.23399849286975907,0.24245303611773675
9,False,1353,9,False,uci,740,172,6,0.9855742799911289,1550.0,5060.0,10562.0,9,website_phishing,websitephishing,0.5529564233662972,,4.085540306036948,datasets/AHDPC/MANIFEST.json,0.060906095013121546,0.5707317073170731,0.5519861800349605,0.0,3,1353,0.17009174823760986,datasets/AHDPC/processed/website_phishing.npz,2,12386.0,13737,0.885439763488544,,1351,738,11.920928955078125,11011236.906051636,2,0.3101933166715843,6046531909.704208,,,,,-0.0034138397126223796,0.22171888613941337,,,,,,True,,
13,False,178,13,False,related_manifest,105,19,1,0.4835014451290576,33.0,575.0,1333.0,13,wine,wine,0.38039206771561146,,3.3643633546157306,datasets/AHDPC_related_advantage/MANIFEST.json,0.19961188448948808,0.6089887640449438,0.19039147494203676,0.1185598373413086,3,178,0.38899886608123774,datasets/AHDPC_related_advantage/wine.npz,1,1572.0,1749,1.0,,177,177,1.1936942462535896,2.14616229216773,1,0.2027821991579024,228.49319241226198,,-0.013303813783448193,0.0007971239165717829,,,,,,,,,,,
