dataset_id,underlying_dataset_id,comparison_scope,method,method_type,metric,mean,std,n,source,protocol_note
baron_human__clubench_bridge,baron_human,archived_sota_bridge_eligible,V19_rg_constant_gate,fresh_postfreeze_v19,ari,0.22067956760239577,0.04146359944785368,3,result/V19/v19_rg_final_postfreeze_rel_both2_20260810,fresh post-freeze V19 run; labels only for benchmark K and post-fit metrics
baron_human__clubench_bridge,baron_human,archived_sota_bridge_eligible,V19_rg_constant_gate,fresh_postfreeze_v19,nmi,0.4155685411921464,0.040779894026890876,3,result/V19/v19_rg_final_postfreeze_rel_both2_20260810,fresh post-freeze V19 run; labels only for benchmark K and post-fit metrics
baron_human__clubench_bridge,baron_human,archived_sota_bridge_eligible,V19_rg_constant_gate,fresh_postfreeze_v19,acc,0.4196742002918787,0.03990367271432495,3,result/V19/v19_rg_final_postfreeze_rel_both2_20260810,fresh post-freeze V19 run; labels only for benchmark K and post-fit metrics
baron_human__clubench_bridge,baron_human,archived_sota_bridge_eligible,V19_rg_default,fresh_postfreeze_v19,ari,0.2610945957825444,0.1113368765521736,3,result/V19/v19_rg_final_postfreeze_rel_both2_20260810,fresh post-freeze V19 run; labels only for benchmark K and post-fit metrics
baron_human__clubench_bridge,baron_human,archived_sota_bridge_eligible,V19_rg_default,fresh_postfreeze_v19,nmi,0.44855506701352227,0.12224374990858548,3,result/V19/v19_rg_final_postfreeze_rel_both2_20260810,fresh post-freeze V19 run; labels only for benchmark K and post-fit metrics
baron_human__clubench_bridge,baron_human,archived_sota_bridge_eligible,V19_rg_default,fresh_postfreeze_v19,acc,0.4335187157338382,0.10751405822241811,3,result/V19/v19_rg_final_postfreeze_rel_both2_20260810,fresh post-freeze V19 run; labels only for benchmark K and post-fit metrics
baron_human__clubench_bridge,baron_human,archived_sota_bridge_eligible,V19_rg_full,fresh_postfreeze_v19,ari,0.2572522180716731,0.044914952288756305,3,result/V19/v19_rg_final_postfreeze_rel_both2_20260810,fresh post-freeze V19 run; labels only for benchmark K and post-fit metrics
baron_human__clubench_bridge,baron_human,archived_sota_bridge_eligible,V19_rg_full,fresh_postfreeze_v19,nmi,0.4563364710403113,0.05221811173650309,3,result/V19/v19_rg_final_postfreeze_rel_both2_20260810,fresh post-freeze V19 run; labels only for benchmark K and post-fit metrics
baron_human__clubench_bridge,baron_human,archived_sota_bridge_eligible,V19_rg_full,fresh_postfreeze_v19,acc,0.43896185855717273,0.036668750921389055,3,result/V19/v19_rg_final_postfreeze_rel_both2_20260810,fresh post-freeze V19 run; labels only for benchmark K and post-fit metrics
baron_human__clubench_bridge,baron_human,archived_sota_bridge_eligible,V19_rg_nomix,fresh_postfreeze_v19,ari,0.2387473899136905,0.06331675653327999,3,result/V19/v19_rg_final_postfreeze_rel_both2_20260810,fresh post-freeze V19 run; labels only for benchmark K and post-fit metrics
baron_human__clubench_bridge,baron_human,archived_sota_bridge_eligible,V19_rg_nomix,fresh_postfreeze_v19,nmi,0.43539992956656565,0.05630040343836948,3,result/V19/v19_rg_final_postfreeze_rel_both2_20260810,fresh post-freeze V19 run; labels only for benchmark K and post-fit metrics
baron_human__clubench_bridge,baron_human,archived_sota_bridge_eligible,V19_rg_nomix,fresh_postfreeze_v19,acc,0.4396718337080424,0.047377260816809326,3,result/V19/v19_rg_final_postfreeze_rel_both2_20260810,fresh post-freeze V19 run; labels only for benchmark K and post-fit metrics
baron_human__clubench_bridge,baron_human,archived_sota_bridge_eligible,V19_rg_reliability_off,fresh_postfreeze_v19,ari,0.2170087617600189,0.0319033655010281,3,result/V19/v19_rg_final_postfreeze_rel_both2_20260810,fresh post-freeze V19 run; labels only for benchmark K and post-fit metrics
baron_human__clubench_bridge,baron_human,archived_sota_bridge_eligible,V19_rg_reliability_off,fresh_postfreeze_v19,nmi,0.40422866732184604,0.0500913072595481,3,result/V19/v19_rg_final_postfreeze_rel_both2_20260810,fresh post-freeze V19 run; labels only for benchmark K and post-fit metrics
baron_human__clubench_bridge,baron_human,archived_sota_bridge_eligible,V19_rg_reliability_off,fresh_postfreeze_v19,acc,0.41186447363231177,0.03144114473233708,3,result/V19/v19_rg_final_postfreeze_rel_both2_20260810,fresh post-freeze V19 run; labels only for benchmark K and post-fit metrics
baron_human__clubench_bridge,baron_human,archived_sota_bridge_eligible,V19_scmae_only,fresh_postfreeze_v19,ari,0.2387473899136905,0.06331675653327999,3,result/V19/v19_rg_final_postfreeze_rel_both2_20260810,fresh post-freeze V19 run; labels only for benchmark K and post-fit metrics
baron_human__clubench_bridge,baron_human,archived_sota_bridge_eligible,V19_scmae_only,fresh_postfreeze_v19,nmi,0.43539992956656565,0.05630040343836948,3,result/V19/v19_rg_final_postfreeze_rel_both2_20260810,fresh post-freeze V19 run; labels only for benchmark K and post-fit metrics
baron_human__clubench_bridge,baron_human,archived_sota_bridge_eligible,V19_scmae_only,fresh_postfreeze_v19,acc,0.4396718337080424,0.047377260816809326,3,result/V19/v19_rg_final_postfreeze_rel_both2_20260810,fresh post-freeze V19 run; labels only for benchmark K and post-fit metrics
baron_human__rg_native,baron_human,internal_rg_native_only,V19_rg_constant_gate,fresh_postfreeze_v19,ari,0.9009160534307117,0.004737456924265808,3,result/V19/v19_rg_final_postfreeze_rel_both2_20260810,fresh post-freeze V19 run; labels only for benchmark K and post-fit metrics
baron_human__rg_native,baron_human,internal_rg_native_only,V19_rg_constant_gate,fresh_postfreeze_v19,nmi,0.869084089659492,0.004339084263678118,3,result/V19/v19_rg_final_postfreeze_rel_both2_20260810,fresh post-freeze V19 run; labels only for benchmark K and post-fit metrics
baron_human__rg_native,baron_human,internal_rg_native_only,V19_rg_constant_gate,fresh_postfreeze_v19,acc,0.8843529365361101,0.004459508931180814,3,result/V19/v19_rg_final_postfreeze_rel_both2_20260810,fresh post-freeze V19 run; labels only for benchmark K and post-fit metrics
baron_human__rg_native,baron_human,internal_rg_native_only,V19_rg_default,fresh_postfreeze_v19,ari,0.9031436594164117,0.004546637419380041,3,result/V19/v19_rg_final_postfreeze_rel_both2_20260810,fresh post-freeze V19 run; labels only for benchmark K and post-fit metrics
baron_human__rg_native,baron_human,internal_rg_native_only,V19_rg_default,fresh_postfreeze_v19,nmi,0.869945837251946,0.004318872619024772,3,result/V19/v19_rg_final_postfreeze_rel_both2_20260810,fresh post-freeze V19 run; labels only for benchmark K and post-fit metrics
baron_human__rg_native,baron_human,internal_rg_native_only,V19_rg_default,fresh_postfreeze_v19,acc,0.8877450400347099,0.002307672066628818,3,result/V19/v19_rg_final_postfreeze_rel_both2_20260810,fresh post-freeze V19 run; labels only for benchmark K and post-fit metrics
baron_human__rg_native,baron_human,internal_rg_native_only,V19_rg_full,fresh_postfreeze_v19,ari,0.9031210312403009,0.005026150294410773,3,result/V19/v19_rg_final_postfreeze_rel_both2_20260810,fresh post-freeze V19 run; labels only for benchmark K and post-fit metrics
baron_human__rg_native,baron_human,internal_rg_native_only,V19_rg_full,fresh_postfreeze_v19,nmi,0.8701805522352685,0.005409884533447333,3,result/V19/v19_rg_final_postfreeze_rel_both2_20260810,fresh post-freeze V19 run; labels only for benchmark K and post-fit metrics
baron_human__rg_native,baron_human,internal_rg_native_only,V19_rg_full,fresh_postfreeze_v19,acc,0.8870745079477774,0.002742924095880354,3,result/V19/v19_rg_final_postfreeze_rel_both2_20260810,fresh post-freeze V19 run; labels only for benchmark K and post-fit metrics
baron_human__rg_native,baron_human,internal_rg_native_only,V19_rg_nomix,fresh_postfreeze_v19,ari,0.9007314729990565,0.006195083648120474,3,result/V19/v19_rg_final_postfreeze_rel_both2_20260810,fresh post-freeze V19 run; labels only for benchmark K and post-fit metrics
baron_human__rg_native,baron_human,internal_rg_native_only,V19_rg_nomix,fresh_postfreeze_v19,nmi,0.8687655587174219,0.0054215516638597356,3,result/V19/v19_rg_final_postfreeze_rel_both2_20260810,fresh post-freeze V19 run; labels only for benchmark K and post-fit metrics
baron_human__rg_native,baron_human,internal_rg_native_only,V19_rg_nomix,fresh_postfreeze_v19,acc,0.8853784561984775,0.004521868177277304,3,result/V19/v19_rg_final_postfreeze_rel_both2_20260810,fresh post-freeze V19 run; labels only for benchmark K and post-fit metrics
baron_human__rg_native,baron_human,internal_rg_native_only,V19_rg_reliability_off,fresh_postfreeze_v19,ari,0.8998296458089705,0.005100031613306405,3,result/V19/v19_rg_final_postfreeze_rel_both2_20260810,fresh post-freeze V19 run; labels only for benchmark K and post-fit metrics
baron_human__rg_native,baron_human,internal_rg_native_only,V19_rg_reliability_off,fresh_postfreeze_v19,nmi,0.8668388428141671,0.004558173539098183,3,result/V19/v19_rg_final_postfreeze_rel_both2_20260810,fresh post-freeze V19 run; labels only for benchmark K and post-fit metrics
baron_human__rg_native,baron_human,internal_rg_native_only,V19_rg_reliability_off,fresh_postfreeze_v19,acc,0.8839190628328009,0.005561472015146118,3,result/V19/v19_rg_final_postfreeze_rel_both2_20260810,fresh post-freeze V19 run; labels only for benchmark K and post-fit metrics
baron_human__rg_native,baron_human,internal_rg_native_only,V19_scmae_only,fresh_postfreeze_v19,ari,0.9007314729990565,0.006195083648120474,3,result/V19/v19_rg_final_postfreeze_rel_both2_20260810,fresh post-freeze V19 run; labels only for benchmark K and post-fit metrics
baron_human__rg_native,baron_human,internal_rg_native_only,V19_scmae_only,fresh_postfreeze_v19,nmi,0.8687655587174219,0.0054215516638597356,3,result/V19/v19_rg_final_postfreeze_rel_both2_20260810,fresh post-freeze V19 run; labels only for benchmark K and post-fit metrics
baron_human__rg_native,baron_human,internal_rg_native_only,V19_scmae_only,fresh_postfreeze_v19,acc,0.8853784561984775,0.004521868177277304,3,result/V19/v19_rg_final_postfreeze_rel_both2_20260810,fresh post-freeze V19 run; labels only for benchmark K and post-fit metrics
campbell__clubench_bridge,campbell,archived_sota_bridge_eligible,V19_rg_constant_gate,fresh_postfreeze_v19,ari,0.22514630746123085,0.03654387727701194,3,result/V19/v19_rg_final_postfreeze_rel_both2_20260810,fresh post-freeze V19 run; labels only for benchmark K and post-fit metrics
campbell__clubench_bridge,campbell,archived_sota_bridge_eligible,V19_rg_constant_gate,fresh_postfreeze_v19,nmi,0.3203831310474381,0.00544769038421214,3,result/V19/v19_rg_final_postfreeze_rel_both2_20260810,fresh post-freeze V19 run; labels only for benchmark K and post-fit metrics
campbell__clubench_bridge,campbell,archived_sota_bridge_eligible,V19_rg_constant_gate,fresh_postfreeze_v19,acc,0.30728176390139766,0.01680024829314857,3,result/V19/v19_rg_final_postfreeze_rel_both2_20260810,fresh post-freeze V19 run; labels only for benchmark K and post-fit metrics
campbell__clubench_bridge,campbell,archived_sota_bridge_eligible,GCEALS,archived_external_reference,ari,0.31385356316512186,,1,result/baseline_comparison/summary.csv,archived baseline CSV; not a fresh matched V19 rerun
campbell__clubench_bridge,campbell,archived_sota_bridge_eligible,GCEALS,archived_external_reference,nmi,0.3590500301011388,,1,result/baseline_comparison/summary.csv,archived baseline CSV; not a fresh matched V19 rerun
campbell__clubench_bridge,campbell,archived_sota_bridge_eligible,GCEALS,archived_external_reference,acc,0.3997798458921245,,1,result/baseline_comparison/summary.csv,archived baseline CSV; not a fresh matched V19 rerun
campbell__clubench_bridge,campbell,archived_sota_bridge_eligible,IDC,archived_external_reference,ari,0.1479395953068112,,1,result/baseline_comparison/summary.csv,archived baseline CSV; not a fresh matched V19 rerun
campbell__clubench_bridge,campbell,archived_sota_bridge_eligible,IDC,archived_external_reference,nmi,0.10757034097014101,,1,result/baseline_comparison/summary.csv,archived baseline CSV; not a fresh matched V19 rerun
campbell__clubench_bridge,campbell,archived_sota_bridge_eligible,IDC,archived_external_reference,acc,0.4566196337436205,,1,result/baseline_comparison/summary.csv,archived baseline CSV; not a fresh matched V19 rerun
campbell__clubench_bridge,campbell,archived_sota_bridge_eligible,TableDC,archived_external_reference,ari,0.1987689623826138,,1,result/baseline_comparison/summary.csv,archived baseline CSV; not a fresh matched V19 rerun
campbell__clubench_bridge,campbell,archived_sota_bridge_eligible,TableDC,archived_external_reference,nmi,0.14088399335464996,,1,result/baseline_comparison/summary.csv,archived baseline CSV; not a fresh matched V19 rerun
campbell__clubench_bridge,campbell,archived_sota_bridge_eligible,TableDC,archived_external_reference,acc,0.4132893025117582,,1,result/baseline_comparison/summary.csv,archived baseline CSV; not a fresh matched V19 rerun
campbell__clubench_bridge,campbell,archived_sota_bridge_eligible,TopoGate,archived_external_reference,ari,0.22138302516711575,,1,result/baseline_comparison/summary.csv,archived baseline CSV; not a fresh matched V19 rerun
campbell__clubench_bridge,campbell,archived_sota_bridge_eligible,TopoGate,archived_external_reference,nmi,0.3180112257988915,,1,result/baseline_comparison/summary.csv,archived baseline CSV; not a fresh matched V19 rerun
campbell__clubench_bridge,campbell,archived_sota_bridge_eligible,TopoGate,archived_external_reference,acc,0.30061042729910936,,1,result/baseline_comparison/summary.csv,archived baseline CSV; not a fresh matched V19 rerun
campbell__clubench_bridge,campbell,archived_sota_bridge_eligible,ZEUS,archived_external_reference,ari,0.2358399584520835,,1,result/baseline_comparison/summary.csv,archived baseline CSV; not a fresh matched V19 rerun
campbell__clubench_bridge,campbell,archived_sota_bridge_eligible,ZEUS,archived_external_reference,nmi,0.408437815715954,,1,result/baseline_comparison/summary.csv,archived baseline CSV; not a fresh matched V19 rerun
campbell__clubench_bridge,campbell,archived_sota_bridge_eligible,ZEUS,archived_external_reference,acc,0.365355749024317,,1,result/baseline_comparison/summary.csv,archived baseline CSV; not a fresh matched V19 rerun
campbell__clubench_bridge,campbell,archived_sota_bridge_eligible,V19_rg_default,fresh_postfreeze_v19,ari,0.19316520150674346,0.025623758230200053,3,result/V19/v19_rg_final_postfreeze_rel_both2_20260810,fresh post-freeze V19 run; labels only for benchmark K and post-fit metrics
campbell__clubench_bridge,campbell,archived_sota_bridge_eligible,V19_rg_default,fresh_postfreeze_v19,nmi,0.3169994406396842,0.013021361228971205,3,result/V19/v19_rg_final_postfreeze_rel_both2_20260810,fresh post-freeze V19 run; labels only for benchmark K and post-fit metrics
campbell__clubench_bridge,campbell,archived_sota_bridge_eligible,V19_rg_default,fresh_postfreeze_v19,acc,0.2945728676740385,0.011761672383653558,3,result/V19/v19_rg_final_postfreeze_rel_both2_20260810,fresh post-freeze V19 run; labels only for benchmark K and post-fit metrics
campbell__clubench_bridge,campbell,archived_sota_bridge_eligible,V19_rg_full,fresh_postfreeze_v19,ari,0.19582603340880417,0.029219343657800816,3,result/V19/v19_rg_final_postfreeze_rel_both2_20260810,fresh post-freeze V19 run; labels only for benchmark K and post-fit metrics
campbell__clubench_bridge,campbell,archived_sota_bridge_eligible,V19_rg_full,fresh_postfreeze_v19,nmi,0.3181217262600109,0.0008812955245346076,3,result/V19/v19_rg_final_postfreeze_rel_both2_20260810,fresh post-freeze V19 run; labels only for benchmark K and post-fit metrics
campbell__clubench_bridge,campbell,archived_sota_bridge_eligible,V19_rg_full,fresh_postfreeze_v19,acc,0.2737916541579105,0.02154924338126933,3,result/V19/v19_rg_final_postfreeze_rel_both2_20260810,fresh post-freeze V19 run; labels only for benchmark K and post-fit metrics
campbell__clubench_bridge,campbell,archived_sota_bridge_eligible,V19_rg_nomix,fresh_postfreeze_v19,ari,0.20933415672335226,0.011862386042919672,3,result/V19/v19_rg_final_postfreeze_rel_both2_20260810,fresh post-freeze V19 run; labels only for benchmark K and post-fit metrics
campbell__clubench_bridge,campbell,archived_sota_bridge_eligible,V19_rg_nomix,fresh_postfreeze_v19,nmi,0.3193514510385277,0.002742011415717668,3,result/V19/v19_rg_final_postfreeze_rel_both2_20260810,fresh post-freeze V19 run; labels only for benchmark K and post-fit metrics
campbell__clubench_bridge,campbell,archived_sota_bridge_eligible,V19_rg_nomix,fresh_postfreeze_v19,acc,0.29180426298408885,0.010424590527853845,3,result/V19/v19_rg_final_postfreeze_rel_both2_20260810,fresh post-freeze V19 run; labels only for benchmark K and post-fit metrics
campbell__clubench_bridge,campbell,archived_sota_bridge_eligible,V19_rg_reliability_off,fresh_postfreeze_v19,ari,0.18460204591994103,0.04545151945126096,3,result/V19/v19_rg_final_postfreeze_rel_both2_20260810,fresh post-freeze V19 run; labels only for benchmark K and post-fit metrics
campbell__clubench_bridge,campbell,archived_sota_bridge_eligible,V19_rg_reliability_off,fresh_postfreeze_v19,nmi,0.319341165056935,0.003844290363023959,3,result/V19/v19_rg_final_postfreeze_rel_both2_20260810,fresh post-freeze V19 run; labels only for benchmark K and post-fit metrics
campbell__clubench_bridge,campbell,archived_sota_bridge_eligible,V19_rg_reliability_off,fresh_postfreeze_v19,acc,0.27599319523666566,0.030699984084887014,3,result/V19/v19_rg_final_postfreeze_rel_both2_20260810,fresh post-freeze V19 run; labels only for benchmark K and post-fit metrics
campbell__clubench_bridge,campbell,archived_sota_bridge_eligible,V19_scmae_only,fresh_postfreeze_v19,ari,0.20933415672335226,0.011862386042919672,3,result/V19/v19_rg_final_postfreeze_rel_both2_20260810,fresh post-freeze V19 run; labels only for benchmark K and post-fit metrics
campbell__clubench_bridge,campbell,archived_sota_bridge_eligible,V19_scmae_only,fresh_postfreeze_v19,nmi,0.3193514510385277,0.002742011415717668,3,result/V19/v19_rg_final_postfreeze_rel_both2_20260810,fresh post-freeze V19 run; labels only for benchmark K and post-fit metrics
campbell__clubench_bridge,campbell,archived_sota_bridge_eligible,V19_scmae_only,fresh_postfreeze_v19,acc,0.29180426298408885,0.010424590527853845,3,result/V19/v19_rg_final_postfreeze_rel_both2_20260810,fresh post-freeze V19 run; labels only for benchmark K and post-fit metrics
campbell__rg_native,campbell,internal_rg_native_only,V19_rg_constant_gate,fresh_postfreeze_v19,ari,0.19167779627452372,0.004180217115132169,3,result/V19/v19_rg_final_postfreeze_rel_both2_20260810,fresh post-freeze V19 run; labels only for benchmark K and post-fit metrics
campbell__rg_native,campbell,internal_rg_native_only,V19_rg_constant_gate,fresh_postfreeze_v19,nmi,0.4648749629664896,0.000543191385668588,3,result/V19/v19_rg_final_postfreeze_rel_both2_20260810,fresh post-freeze V19 run; labels only for benchmark K and post-fit metrics
campbell__rg_native,campbell,internal_rg_native_only,V19_rg_constant_gate,fresh_postfreeze_v19,acc,0.4048500617098636,0.0024722230846509602,3,result/V19/v19_rg_final_postfreeze_rel_both2_20260810,fresh post-freeze V19 run; labels only for benchmark K and post-fit metrics
campbell__rg_native,campbell,internal_rg_native_only,V19_rg_default,fresh_postfreeze_v19,ari,0.1676448655741311,0.03192214342952117,3,result/V19/v19_rg_final_postfreeze_rel_both2_20260810,fresh post-freeze V19 run; labels only for benchmark K and post-fit metrics
campbell__rg_native,campbell,internal_rg_native_only,V19_rg_default,fresh_postfreeze_v19,nmi,0.4404629312108013,0.03022977314480974,3,result/V19/v19_rg_final_postfreeze_rel_both2_20260810,fresh post-freeze V19 run; labels only for benchmark K and post-fit metrics
campbell__rg_native,campbell,internal_rg_native_only,V19_rg_default,fresh_postfreeze_v19,acc,0.39174088528636714,0.023284374473160233,3,result/V19/v19_rg_final_postfreeze_rel_both2_20260810,fresh post-freeze V19 run; labels only for benchmark K and post-fit metrics
campbell__rg_native,campbell,internal_rg_native_only,V19_rg_full,fresh_postfreeze_v19,ari,0.168665003967558,0.01565620449640681,3,result/V19/v19_rg_final_postfreeze_rel_both2_20260810,fresh post-freeze V19 run; labels only for benchmark K and post-fit metrics
campbell__rg_native,campbell,internal_rg_native_only,V19_rg_full,fresh_postfreeze_v19,nmi,0.4331708613235896,0.01875264107735173,3,result/V19/v19_rg_final_postfreeze_rel_both2_20260810,fresh post-freeze V19 run; labels only for benchmark K and post-fit metrics
campbell__rg_native,campbell,internal_rg_native_only,V19_rg_full,fresh_postfreeze_v19,acc,0.3842022749257814,0.01990798830445398,3,result/V19/v19_rg_final_postfreeze_rel_both2_20260810,fresh post-freeze V19 run; labels only for benchmark K and post-fit metrics
campbell__rg_native,campbell,internal_rg_native_only,V19_rg_nomix,fresh_postfreeze_v19,ari,0.17550932494512234,0.011979461296649212,3,result/V19/v19_rg_final_postfreeze_rel_both2_20260810,fresh post-freeze V19 run; labels only for benchmark K and post-fit metrics
campbell__rg_native,campbell,internal_rg_native_only,V19_rg_nomix,fresh_postfreeze_v19,nmi,0.47267731105302746,0.022112729602999207,3,result/V19/v19_rg_final_postfreeze_rel_both2_20260810,fresh post-freeze V19 run; labels only for benchmark K and post-fit metrics
campbell__rg_native,campbell,internal_rg_native_only,V19_rg_nomix,fresh_postfreeze_v19,acc,0.416825110910971,0.015939853177545676,3,result/V19/v19_rg_final_postfreeze_rel_both2_20260810,fresh post-freeze V19 run; labels only for benchmark K and post-fit metrics
campbell__rg_native,campbell,internal_rg_native_only,V19_rg_reliability_off,fresh_postfreeze_v19,ari,0.15883419134924442,0.04829975502537275,3,result/V19/v19_rg_final_postfreeze_rel_both2_20260810,fresh post-freeze V19 run; labels only for benchmark K and post-fit metrics
campbell__rg_native,campbell,internal_rg_native_only,V19_rg_reliability_off,fresh_postfreeze_v19,nmi,0.4330093580173577,0.034741599769081394,3,result/V19/v19_rg_final_postfreeze_rel_both2_20260810,fresh post-freeze V19 run; labels only for benchmark K and post-fit metrics
campbell__rg_native,campbell,internal_rg_native_only,V19_rg_reliability_off,fresh_postfreeze_v19,acc,0.3795990526702025,0.020807191932687135,3,result/V19/v19_rg_final_postfreeze_rel_both2_20260810,fresh post-freeze V19 run; labels only for benchmark K and post-fit metrics
campbell__rg_native,campbell,internal_rg_native_only,V19_scmae_only,fresh_postfreeze_v19,ari,0.17550932494512234,0.011979461296649212,3,result/V19/v19_rg_final_postfreeze_rel_both2_20260810,fresh post-freeze V19 run; labels only for benchmark K and post-fit metrics
campbell__rg_native,campbell,internal_rg_native_only,V19_scmae_only,fresh_postfreeze_v19,nmi,0.47267731105302746,0.022112729602999207,3,result/V19/v19_rg_final_postfreeze_rel_both2_20260810,fresh post-freeze V19 run; labels only for benchmark K and post-fit metrics
campbell__rg_native,campbell,internal_rg_native_only,V19_scmae_only,fresh_postfreeze_v19,acc,0.416825110910971,0.015939853177545676,3,result/V19/v19_rg_final_postfreeze_rel_both2_20260810,fresh post-freeze V19 run; labels only for benchmark K and post-fit metrics
cnae9__shared_text,cnae9,archived_sota_bridge_eligible,V19_rg_constant_gate,fresh_postfreeze_v19,ari,0.4416761422769394,0.05565687029190512,3,result/V19/v19_rg_final_postfreeze_rel_both2_20260810,fresh post-freeze V19 run; labels only for benchmark K and post-fit metrics
cnae9__shared_text,cnae9,archived_sota_bridge_eligible,V19_rg_constant_gate,fresh_postfreeze_v19,nmi,0.64808398442757,0.03780109424417441,3,result/V19/v19_rg_final_postfreeze_rel_both2_20260810,fresh post-freeze V19 run; labels only for benchmark K and post-fit metrics
cnae9__shared_text,cnae9,archived_sota_bridge_eligible,V19_rg_constant_gate,fresh_postfreeze_v19,acc,0.6459876543209877,0.02521058994649648,3,result/V19/v19_rg_final_postfreeze_rel_both2_20260810,fresh post-freeze V19 run; labels only for benchmark K and post-fit metrics
cnae9__shared_text,cnae9,archived_sota_bridge_eligible,GCEALS,archived_external_reference,ari,0.016077792314647472,,1,result/baseline_comparison/summary.csv,archived baseline CSV; not a fresh matched V19 rerun
cnae9__shared_text,cnae9,archived_sota_bridge_eligible,GCEALS,archived_external_reference,nmi,0.10882198262196686,,1,result/baseline_comparison/summary.csv,archived baseline CSV; not a fresh matched V19 rerun
cnae9__shared_text,cnae9,archived_sota_bridge_eligible,GCEALS,archived_external_reference,acc,0.1962962962962963,,1,result/baseline_comparison/summary.csv,archived baseline CSV; not a fresh matched V19 rerun
cnae9__shared_text,cnae9,archived_sota_bridge_eligible,IDC,archived_external_reference,ari,0.027996939238764545,,1,result/baseline_comparison/summary.csv,archived baseline CSV; not a fresh matched V19 rerun
cnae9__shared_text,cnae9,archived_sota_bridge_eligible,IDC,archived_external_reference,nmi,0.0719717827355145,,1,result/baseline_comparison/summary.csv,archived baseline CSV; not a fresh matched V19 rerun
cnae9__shared_text,cnae9,archived_sota_bridge_eligible,IDC,archived_external_reference,acc,0.1712962962962963,,1,result/baseline_comparison/summary.csv,archived baseline CSV; not a fresh matched V19 rerun
cnae9__shared_text,cnae9,archived_sota_bridge_eligible,TableDC,archived_external_reference,ari,0.024659943942200335,,1,result/baseline_comparison/summary.csv,archived baseline CSV; not a fresh matched V19 rerun
cnae9__shared_text,cnae9,archived_sota_bridge_eligible,TableDC,archived_external_reference,nmi,0.05535722549348737,,1,result/baseline_comparison/summary.csv,archived baseline CSV; not a fresh matched V19 rerun
cnae9__shared_text,cnae9,archived_sota_bridge_eligible,TableDC,archived_external_reference,acc,0.18518518518518517,,1,result/baseline_comparison/summary.csv,archived baseline CSV; not a fresh matched V19 rerun
cnae9__shared_text,cnae9,archived_sota_bridge_eligible,TopoGate,archived_external_reference,ari,0.33028345562268857,,1,result/baseline_comparison/summary.csv,archived baseline CSV; not a fresh matched V19 rerun
cnae9__shared_text,cnae9,archived_sota_bridge_eligible,TopoGate,archived_external_reference,nmi,0.5690493500339817,,1,result/baseline_comparison/summary.csv,archived baseline CSV; not a fresh matched V19 rerun
cnae9__shared_text,cnae9,archived_sota_bridge_eligible,TopoGate,archived_external_reference,acc,0.5944444444444444,,1,result/baseline_comparison/summary.csv,archived baseline CSV; not a fresh matched V19 rerun
cnae9__shared_text,cnae9,archived_sota_bridge_eligible,ZEUS,archived_external_reference,ari,0.11584456987791063,,1,result/baseline_comparison/summary.csv,archived baseline CSV; not a fresh matched V19 rerun
cnae9__shared_text,cnae9,archived_sota_bridge_eligible,ZEUS,archived_external_reference,nmi,0.37227923061828916,,1,result/baseline_comparison/summary.csv,archived baseline CSV; not a fresh matched V19 rerun
cnae9__shared_text,cnae9,archived_sota_bridge_eligible,ZEUS,archived_external_reference,acc,0.4064814814814815,,1,result/baseline_comparison/summary.csv,archived baseline CSV; not a fresh matched V19 rerun
cnae9__shared_text,cnae9,archived_sota_bridge_eligible,V19_rg_default,fresh_postfreeze_v19,ari,0.3629769007532266,0.019275513298943128,3,result/V19/v19_rg_final_postfreeze_rel_both2_20260810,fresh post-freeze V19 run; labels only for benchmark K and post-fit metrics
cnae9__shared_text,cnae9,archived_sota_bridge_eligible,V19_rg_default,fresh_postfreeze_v19,nmi,0.599185234063602,0.00397761888169932,3,result/V19/v19_rg_final_postfreeze_rel_both2_20260810,fresh post-freeze V19 run; labels only for benchmark K and post-fit metrics
cnae9__shared_text,cnae9,archived_sota_bridge_eligible,V19_rg_default,fresh_postfreeze_v19,acc,0.6064814814814815,0.01245705930284601,3,result/V19/v19_rg_final_postfreeze_rel_both2_20260810,fresh post-freeze V19 run; labels only for benchmark K and post-fit metrics
cnae9__shared_text,cnae9,archived_sota_bridge_eligible,V19_rg_full,fresh_postfreeze_v19,ari,0.37864463828525424,0.02164593001704166,3,result/V19/v19_rg_final_postfreeze_rel_both2_20260810,fresh post-freeze V19 run; labels only for benchmark K and post-fit metrics
cnae9__shared_text,cnae9,archived_sota_bridge_eligible,V19_rg_full,fresh_postfreeze_v19,nmi,0.6106918569659663,0.0036215726290522924,3,result/V19/v19_rg_final_postfreeze_rel_both2_20260810,fresh post-freeze V19 run; labels only for benchmark K and post-fit metrics
cnae9__shared_text,cnae9,archived_sota_bridge_eligible,V19_rg_full,fresh_postfreeze_v19,acc,0.6108024691358025,0.018549357038662628,3,result/V19/v19_rg_final_postfreeze_rel_both2_20260810,fresh post-freeze V19 run; labels only for benchmark K and post-fit metrics
cnae9__shared_text,cnae9,archived_sota_bridge_eligible,V19_rg_nomix,fresh_postfreeze_v19,ari,0.3647995532242514,0.01521639606768076,3,result/V19/v19_rg_final_postfreeze_rel_both2_20260810,fresh post-freeze V19 run; labels only for benchmark K and post-fit metrics
cnae9__shared_text,cnae9,archived_sota_bridge_eligible,V19_rg_nomix,fresh_postfreeze_v19,nmi,0.5867421190613725,0.014587791932292586,3,result/V19/v19_rg_final_postfreeze_rel_both2_20260810,fresh post-freeze V19 run; labels only for benchmark K and post-fit metrics
cnae9__shared_text,cnae9,archived_sota_bridge_eligible,V19_rg_nomix,fresh_postfreeze_v19,acc,0.6067901234567902,0.004567484131774296,3,result/V19/v19_rg_final_postfreeze_rel_both2_20260810,fresh post-freeze V19 run; labels only for benchmark K and post-fit metrics
cnae9__shared_text,cnae9,archived_sota_bridge_eligible,V19_rg_reliability_off,fresh_postfreeze_v19,ari,0.38403670585046773,0.033756365847506756,3,result/V19/v19_rg_final_postfreeze_rel_both2_20260810,fresh post-freeze V19 run; labels only for benchmark K and post-fit metrics
cnae9__shared_text,cnae9,archived_sota_bridge_eligible,V19_rg_reliability_off,fresh_postfreeze_v19,nmi,0.6242582533452311,0.014651111085799041,3,result/V19/v19_rg_final_postfreeze_rel_both2_20260810,fresh post-freeze V19 run; labels only for benchmark K and post-fit metrics
cnae9__shared_text,cnae9,archived_sota_bridge_eligible,V19_rg_reliability_off,fresh_postfreeze_v19,acc,0.6188271604938271,0.01951779228859551,3,result/V19/v19_rg_final_postfreeze_rel_both2_20260810,fresh post-freeze V19 run; labels only for benchmark K and post-fit metrics
cnae9__shared_text,cnae9,archived_sota_bridge_eligible,V19_scmae_only,fresh_postfreeze_v19,ari,0.3647995532242514,0.01521639606768076,3,result/V19/v19_rg_final_postfreeze_rel_both2_20260810,fresh post-freeze V19 run; labels only for benchmark K and post-fit metrics
cnae9__shared_text,cnae9,archived_sota_bridge_eligible,V19_scmae_only,fresh_postfreeze_v19,nmi,0.5867421190613725,0.014587791932292586,3,result/V19/v19_rg_final_postfreeze_rel_both2_20260810,fresh post-freeze V19 run; labels only for benchmark K and post-fit metrics
cnae9__shared_text,cnae9,archived_sota_bridge_eligible,V19_scmae_only,fresh_postfreeze_v19,acc,0.6067901234567902,0.004567484131774296,3,result/V19/v19_rg_final_postfreeze_rel_both2_20260810,fresh post-freeze V19 run; labels only for benchmark K and post-fit metrics
hate_speech__shared_text,hate_speech,archived_sota_bridge_eligible,V19_rg_constant_gate,fresh_postfreeze_v19,ari,-0.014185677684283811,0.009821021747658856,3,result/V19/v19_rg_final_postfreeze_rel_both2_20260810,fresh post-freeze V19 run; labels only for benchmark K and post-fit metrics
hate_speech__shared_text,hate_speech,archived_sota_bridge_eligible,V19_rg_constant_gate,fresh_postfreeze_v19,nmi,0.035826664567002404,0.009493584416500393,3,result/V19/v19_rg_final_postfreeze_rel_both2_20260810,fresh post-freeze V19 run; labels only for benchmark K and post-fit metrics
hate_speech__shared_text,hate_speech,archived_sota_bridge_eligible,V19_rg_constant_gate,fresh_postfreeze_v19,acc,0.43402669978267616,0.05351045863380367,3,result/V19/v19_rg_final_postfreeze_rel_both2_20260810,fresh post-freeze V19 run; labels only for benchmark K and post-fit metrics
hate_speech__shared_text,hate_speech,archived_sota_bridge_eligible,V19_rg_default,fresh_postfreeze_v19,ari,0.004111788330340452,0.007326215295386615,3,result/V19/v19_rg_final_postfreeze_rel_both2_20260810,fresh post-freeze V19 run; labels only for benchmark K and post-fit metrics
hate_speech__shared_text,hate_speech,archived_sota_bridge_eligible,V19_rg_default,fresh_postfreeze_v19,nmi,0.02499532566893411,0.005772094935655894,3,result/V19/v19_rg_final_postfreeze_rel_both2_20260810,fresh post-freeze V19 run; labels only for benchmark K and post-fit metrics
hate_speech__shared_text,hate_speech,archived_sota_bridge_eligible,V19_rg_default,fresh_postfreeze_v19,acc,0.49094484114664183,0.014906515641130779,3,result/V19/v19_rg_final_postfreeze_rel_both2_20260810,fresh post-freeze V19 run; labels only for benchmark K and post-fit metrics
hate_speech__shared_text,hate_speech,archived_sota_bridge_eligible,V19_rg_full,fresh_postfreeze_v19,ari,0.001431862596442564,0.008493980364061404,3,result/V19/v19_rg_final_postfreeze_rel_both2_20260810,fresh post-freeze V19 run; labels only for benchmark K and post-fit metrics
hate_speech__shared_text,hate_speech,archived_sota_bridge_eligible,V19_rg_full,fresh_postfreeze_v19,nmi,0.026686240623582044,0.002577162111187494,3,result/V19/v19_rg_final_postfreeze_rel_both2_20260810,fresh post-freeze V19 run; labels only for benchmark K and post-fit metrics
hate_speech__shared_text,hate_speech,archived_sota_bridge_eligible,V19_rg_full,fresh_postfreeze_v19,acc,0.4878402152540619,0.014207974784637832,3,result/V19/v19_rg_final_postfreeze_rel_both2_20260810,fresh post-freeze V19 run; labels only for benchmark K and post-fit metrics
hate_speech__shared_text,hate_speech,archived_sota_bridge_eligible,V19_rg_nomix,fresh_postfreeze_v19,ari,-0.01261991270985879,0.008953472873785577,3,result/V19/v19_rg_final_postfreeze_rel_both2_20260810,fresh post-freeze V19 run; labels only for benchmark K and post-fit metrics
hate_speech__shared_text,hate_speech,archived_sota_bridge_eligible,V19_rg_nomix,fresh_postfreeze_v19,nmi,0.049814066861792676,0.011371946599157755,3,result/V19/v19_rg_final_postfreeze_rel_both2_20260810,fresh post-freeze V19 run; labels only for benchmark K and post-fit metrics
hate_speech__shared_text,hate_speech,archived_sota_bridge_eligible,V19_rg_nomix,fresh_postfreeze_v19,acc,0.4704543102556142,0.01799165750875888,3,result/V19/v19_rg_final_postfreeze_rel_both2_20260810,fresh post-freeze V19 run; labels only for benchmark K and post-fit metrics
hate_speech__shared_text,hate_speech,archived_sota_bridge_eligible,V19_rg_reliability_off,fresh_postfreeze_v19,ari,0.007043933321737267,0.011570850628566559,3,result/V19/v19_rg_final_postfreeze_rel_both2_20260810,fresh post-freeze V19 run; labels only for benchmark K and post-fit metrics
hate_speech__shared_text,hate_speech,archived_sota_bridge_eligible,V19_rg_reliability_off,fresh_postfreeze_v19,nmi,0.026693725776149247,0.006123958391105969,3,result/V19/v19_rg_final_postfreeze_rel_both2_20260810,fresh post-freeze V19 run; labels only for benchmark K and post-fit metrics
hate_speech__shared_text,hate_speech,archived_sota_bridge_eligible,V19_rg_reliability_off,fresh_postfreeze_v19,acc,0.49560177998551175,0.019655821083744775,3,result/V19/v19_rg_final_postfreeze_rel_both2_20260810,fresh post-freeze V19 run; labels only for benchmark K and post-fit metrics
hate_speech__shared_text,hate_speech,archived_sota_bridge_eligible,V19_scmae_only,fresh_postfreeze_v19,ari,-0.01261991270985879,0.008953472873785577,3,result/V19/v19_rg_final_postfreeze_rel_both2_20260810,fresh post-freeze V19 run; labels only for benchmark K and post-fit metrics
hate_speech__shared_text,hate_speech,archived_sota_bridge_eligible,V19_scmae_only,fresh_postfreeze_v19,nmi,0.049814066861792676,0.011371946599157755,3,result/V19/v19_rg_final_postfreeze_rel_both2_20260810,fresh post-freeze V19 run; labels only for benchmark K and post-fit metrics
hate_speech__shared_text,hate_speech,archived_sota_bridge_eligible,V19_scmae_only,fresh_postfreeze_v19,acc,0.4704543102556142,0.01799165750875888,3,result/V19/v19_rg_final_postfreeze_rel_both2_20260810,fresh post-freeze V19 run; labels only for benchmark K and post-fit metrics
imdb__shared_text,imdb,archived_sota_bridge_eligible,V19_rg_constant_gate,fresh_postfreeze_v19,ari,0.0057320699401161536,0.0093997936381789,3,result/V19/v19_rg_final_postfreeze_rel_both2_20260810,fresh post-freeze V19 run; labels only for benchmark K and post-fit metrics
imdb__shared_text,imdb,archived_sota_bridge_eligible,V19_rg_constant_gate,fresh_postfreeze_v19,nmi,0.004475772574340486,0.006973248957086124,3,result/V19/v19_rg_final_postfreeze_rel_both2_20260810,fresh post-freeze V19 run; labels only for benchmark K and post-fit metrics
imdb__shared_text,imdb,archived_sota_bridge_eligible,V19_rg_constant_gate,fresh_postfreeze_v19,acc,0.5275897435897436,0.03345979954220199,3,result/V19/v19_rg_final_postfreeze_rel_both2_20260810,fresh post-freeze V19 run; labels only for benchmark K and post-fit metrics
imdb__shared_text,imdb,archived_sota_bridge_eligible,V19_rg_default,fresh_postfreeze_v19,ari,0.019627591593908304,0.018977655858444645,3,result/V19/v19_rg_final_postfreeze_rel_both2_20260810,fresh post-freeze V19 run; labels only for benchmark K and post-fit metrics
imdb__shared_text,imdb,archived_sota_bridge_eligible,V19_rg_default,fresh_postfreeze_v19,nmi,0.015178004413436629,0.014234378615319253,3,result/V19/v19_rg_final_postfreeze_rel_both2_20260810,fresh post-freeze V19 run; labels only for benchmark K and post-fit metrics
imdb__shared_text,imdb,archived_sota_bridge_eligible,V19_rg_default,fresh_postfreeze_v19,acc,0.5655384615384615,0.0320221816612047,3,result/V19/v19_rg_final_postfreeze_rel_both2_20260810,fresh post-freeze V19 run; labels only for benchmark K and post-fit metrics
imdb__shared_text,imdb,archived_sota_bridge_eligible,V19_rg_full,fresh_postfreeze_v19,ari,0.02207457528211717,0.014841350891611604,3,result/V19/v19_rg_final_postfreeze_rel_both2_20260810,fresh post-freeze V19 run; labels only for benchmark K and post-fit metrics
imdb__shared_text,imdb,archived_sota_bridge_eligible,V19_rg_full,fresh_postfreeze_v19,nmi,0.01715251236785424,0.011187599174909833,3,result/V19/v19_rg_final_postfreeze_rel_both2_20260810,fresh post-freeze V19 run; labels only for benchmark K and post-fit metrics
imdb__shared_text,imdb,archived_sota_bridge_eligible,V19_rg_full,fresh_postfreeze_v19,acc,0.5721025641025641,0.024245945593274577,3,result/V19/v19_rg_final_postfreeze_rel_both2_20260810,fresh post-freeze V19 run; labels only for benchmark K and post-fit metrics
imdb__shared_text,imdb,archived_sota_bridge_eligible,V19_rg_nomix,fresh_postfreeze_v19,ari,0.028875788533750016,0.01289302644466102,3,result/V19/v19_rg_final_postfreeze_rel_both2_20260810,fresh post-freeze V19 run; labels only for benchmark K and post-fit metrics
imdb__shared_text,imdb,archived_sota_bridge_eligible,V19_rg_nomix,fresh_postfreeze_v19,nmi,0.021587250479455256,0.009485365345257535,3,result/V19/v19_rg_final_postfreeze_rel_both2_20260810,fresh post-freeze V19 run; labels only for benchmark K and post-fit metrics
imdb__shared_text,imdb,archived_sota_bridge_eligible,V19_rg_nomix,fresh_postfreeze_v19,acc,0.584,0.018837203526171027,3,result/V19/v19_rg_final_postfreeze_rel_both2_20260810,fresh post-freeze V19 run; labels only for benchmark K and post-fit metrics
imdb__shared_text,imdb,archived_sota_bridge_eligible,V19_rg_reliability_off,fresh_postfreeze_v19,ari,0.023436135231712566,0.016537258200160214,3,result/V19/v19_rg_final_postfreeze_rel_both2_20260810,fresh post-freeze V19 run; labels only for benchmark K and post-fit metrics
imdb__shared_text,imdb,archived_sota_bridge_eligible,V19_rg_reliability_off,fresh_postfreeze_v19,nmi,0.018073480923787476,0.012462067991726293,3,result/V19/v19_rg_final_postfreeze_rel_both2_20260810,fresh post-freeze V19 run; labels only for benchmark K and post-fit metrics
imdb__shared_text,imdb,archived_sota_bridge_eligible,V19_rg_reliability_off,fresh_postfreeze_v19,acc,0.5740512820512821,0.025916266319833813,3,result/V19/v19_rg_final_postfreeze_rel_both2_20260810,fresh post-freeze V19 run; labels only for benchmark K and post-fit metrics
imdb__shared_text,imdb,archived_sota_bridge_eligible,V19_scmae_only,fresh_postfreeze_v19,ari,0.028875788533750016,0.01289302644466102,3,result/V19/v19_rg_final_postfreeze_rel_both2_20260810,fresh post-freeze V19 run; labels only for benchmark K and post-fit metrics
imdb__shared_text,imdb,archived_sota_bridge_eligible,V19_scmae_only,fresh_postfreeze_v19,nmi,0.021587250479455256,0.009485365345257535,3,result/V19/v19_rg_final_postfreeze_rel_both2_20260810,fresh post-freeze V19 run; labels only for benchmark K and post-fit metrics
imdb__shared_text,imdb,archived_sota_bridge_eligible,V19_scmae_only,fresh_postfreeze_v19,acc,0.584,0.018837203526171027,3,result/V19/v19_rg_final_postfreeze_rel_both2_20260810,fresh post-freeze V19 run; labels only for benchmark K and post-fit metrics
mouse_retina__clubench_bridge,mouse_retina,archived_sota_bridge_eligible,V19_rg_constant_gate,fresh_postfreeze_v19,ari,0.9388585144745543,0.005791058873828122,3,result/V19/v19_rg_final_postfreeze_rel_both2_20260810,fresh post-freeze V19 run; labels only for benchmark K and post-fit metrics
mouse_retina__clubench_bridge,mouse_retina,archived_sota_bridge_eligible,V19_rg_constant_gate,fresh_postfreeze_v19,nmi,0.893076388558288,0.006353339353830309,3,result/V19/v19_rg_final_postfreeze_rel_both2_20260810,fresh post-freeze V19 run; labels only for benchmark K and post-fit metrics
mouse_retina__clubench_bridge,mouse_retina,archived_sota_bridge_eligible,V19_rg_constant_gate,fresh_postfreeze_v19,acc,0.9834371008939974,0.001428442701801838,3,result/V19/v19_rg_final_postfreeze_rel_both2_20260810,fresh post-freeze V19 run; labels only for benchmark K and post-fit metrics
mouse_retina__clubench_bridge,mouse_retina,archived_sota_bridge_eligible,GCEALS,archived_external_reference,ari,0.7260684615998291,,1,result/baseline_comparison/summary.csv,archived baseline CSV; not a fresh matched V19 rerun
mouse_retina__clubench_bridge,mouse_retina,archived_sota_bridge_eligible,GCEALS,archived_external_reference,nmi,0.6558613554193059,,1,result/baseline_comparison/summary.csv,archived baseline CSV; not a fresh matched V19 rerun
mouse_retina__clubench_bridge,mouse_retina,archived_sota_bridge_eligible,GCEALS,archived_external_reference,acc,0.9090038314176245,,1,result/baseline_comparison/summary.csv,archived baseline CSV; not a fresh matched V19 rerun
mouse_retina__clubench_bridge,mouse_retina,archived_sota_bridge_eligible,IDC,archived_external_reference,ari,0.7170159214724031,,1,result/baseline_comparison/summary.csv,archived baseline CSV; not a fresh matched V19 rerun
mouse_retina__clubench_bridge,mouse_retina,archived_sota_bridge_eligible,IDC,archived_external_reference,nmi,0.6426768351879021,,1,result/baseline_comparison/summary.csv,archived baseline CSV; not a fresh matched V19 rerun
mouse_retina__clubench_bridge,mouse_retina,archived_sota_bridge_eligible,IDC,archived_external_reference,acc,0.9075670498084292,,1,result/baseline_comparison/summary.csv,archived baseline CSV; not a fresh matched V19 rerun
mouse_retina__clubench_bridge,mouse_retina,archived_sota_bridge_eligible,TableDC,archived_external_reference,ari,0.4237996071640268,,1,result/baseline_comparison/summary.csv,archived baseline CSV; not a fresh matched V19 rerun
mouse_retina__clubench_bridge,mouse_retina,archived_sota_bridge_eligible,TableDC,archived_external_reference,nmi,0.37460640250769217,,1,result/baseline_comparison/summary.csv,archived baseline CSV; not a fresh matched V19 rerun
mouse_retina__clubench_bridge,mouse_retina,archived_sota_bridge_eligible,TableDC,archived_external_reference,acc,0.6884578544061303,,1,result/baseline_comparison/summary.csv,archived baseline CSV; not a fresh matched V19 rerun
mouse_retina__clubench_bridge,mouse_retina,archived_sota_bridge_eligible,TopoGate,archived_external_reference,ari,0.9234835627379633,,1,result/baseline_comparison/summary.csv,archived baseline CSV; not a fresh matched V19 rerun
mouse_retina__clubench_bridge,mouse_retina,archived_sota_bridge_eligible,TopoGate,archived_external_reference,nmi,0.8700738457369401,,1,result/baseline_comparison/summary.csv,archived baseline CSV; not a fresh matched V19 rerun
mouse_retina__clubench_bridge,mouse_retina,archived_sota_bridge_eligible,TopoGate,archived_external_reference,acc,0.9790469348659003,,1,result/baseline_comparison/summary.csv,archived baseline CSV; not a fresh matched V19 rerun
mouse_retina__clubench_bridge,mouse_retina,archived_sota_bridge_eligible,ZEUS,archived_external_reference,ari,0.7389976225422917,,1,result/baseline_comparison/summary.csv,archived baseline CSV; not a fresh matched V19 rerun
mouse_retina__clubench_bridge,mouse_retina,archived_sota_bridge_eligible,ZEUS,archived_external_reference,nmi,0.7356898645179859,,1,result/baseline_comparison/summary.csv,archived baseline CSV; not a fresh matched V19 rerun
mouse_retina__clubench_bridge,mouse_retina,archived_sota_bridge_eligible,ZEUS,archived_external_reference,acc,0.9297174329501916,,1,result/baseline_comparison/summary.csv,archived baseline CSV; not a fresh matched V19 rerun
mouse_retina__clubench_bridge,mouse_retina,archived_sota_bridge_eligible,V19_rg_default,fresh_postfreeze_v19,ari,0.9355529667226262,0.006776020478297052,3,result/V19/v19_rg_final_postfreeze_rel_both2_20260810,fresh post-freeze V19 run; labels only for benchmark K and post-fit metrics
mouse_retina__clubench_bridge,mouse_retina,archived_sota_bridge_eligible,V19_rg_default,fresh_postfreeze_v19,nmi,0.8866328691428079,0.01110055464784942,3,result/V19/v19_rg_final_postfreeze_rel_both2_20260810,fresh post-freeze V19 run; labels only for benchmark K and post-fit metrics
mouse_retina__clubench_bridge,mouse_retina,archived_sota_bridge_eligible,V19_rg_default,fresh_postfreeze_v19,acc,0.9825191570881227,0.0017637595620996383,3,result/V19/v19_rg_final_postfreeze_rel_both2_20260810,fresh post-freeze V19 run; labels only for benchmark K and post-fit metrics
mouse_retina__clubench_bridge,mouse_retina,archived_sota_bridge_eligible,V19_rg_full,fresh_postfreeze_v19,ari,0.9321692727309345,0.004574950978360558,3,result/V19/v19_rg_final_postfreeze_rel_both2_20260810,fresh post-freeze V19 run; labels only for benchmark K and post-fit metrics
mouse_retina__clubench_bridge,mouse_retina,archived_sota_bridge_eligible,V19_rg_full,fresh_postfreeze_v19,nmi,0.8810656863528368,0.008959589652767016,3,result/V19/v19_rg_final_postfreeze_rel_both2_20260810,fresh post-freeze V19 run; labels only for benchmark K and post-fit metrics
mouse_retina__clubench_bridge,mouse_retina,archived_sota_bridge_eligible,V19_rg_full,fresh_postfreeze_v19,acc,0.9815213920817369,0.0013877186023877565,3,result/V19/v19_rg_final_postfreeze_rel_both2_20260810,fresh post-freeze V19 run; labels only for benchmark K and post-fit metrics
mouse_retina__clubench_bridge,mouse_retina,archived_sota_bridge_eligible,V19_rg_nomix,fresh_postfreeze_v19,ari,0.9309919160522158,0.0007481074825466147,3,result/V19/v19_rg_final_postfreeze_rel_both2_20260810,fresh post-freeze V19 run; labels only for benchmark K and post-fit metrics
mouse_retina__clubench_bridge,mouse_retina,archived_sota_bridge_eligible,V19_rg_nomix,fresh_postfreeze_v19,nmi,0.8829834097802935,0.001610462009090803,3,result/V19/v19_rg_final_postfreeze_rel_both2_20260810,fresh post-freeze V19 run; labels only for benchmark K and post-fit metrics
mouse_retina__clubench_bridge,mouse_retina,archived_sota_bridge_eligible,V19_rg_nomix,fresh_postfreeze_v19,acc,0.9814016602809706,0.0004838903118208672,3,result/V19/v19_rg_final_postfreeze_rel_both2_20260810,fresh post-freeze V19 run; labels only for benchmark K and post-fit metrics
mouse_retina__clubench_bridge,mouse_retina,archived_sota_bridge_eligible,V19_rg_reliability_off,fresh_postfreeze_v19,ari,0.9238734324719085,0.020312976558057836,3,result/V19/v19_rg_final_postfreeze_rel_both2_20260810,fresh post-freeze V19 run; labels only for benchmark K and post-fit metrics
mouse_retina__clubench_bridge,mouse_retina,archived_sota_bridge_eligible,V19_rg_reliability_off,fresh_postfreeze_v19,nmi,0.8700626524382167,0.0289677454033408,3,result/V19/v19_rg_final_postfreeze_rel_both2_20260810,fresh post-freeze V19 run; labels only for benchmark K and post-fit metrics
mouse_retina__clubench_bridge,mouse_retina,archived_sota_bridge_eligible,V19_rg_reliability_off,fresh_postfreeze_v19,acc,0.9792464878671775,0.0058831257254127346,3,result/V19/v19_rg_final_postfreeze_rel_both2_20260810,fresh post-freeze V19 run; labels only for benchmark K and post-fit metrics
mouse_retina__clubench_bridge,mouse_retina,archived_sota_bridge_eligible,V19_scmae_only,fresh_postfreeze_v19,ari,0.9309919160522158,0.0007481074825466147,3,result/V19/v19_rg_final_postfreeze_rel_both2_20260810,fresh post-freeze V19 run; labels only for benchmark K and post-fit metrics
mouse_retina__clubench_bridge,mouse_retina,archived_sota_bridge_eligible,V19_scmae_only,fresh_postfreeze_v19,nmi,0.8829834097802935,0.001610462009090803,3,result/V19/v19_rg_final_postfreeze_rel_both2_20260810,fresh post-freeze V19 run; labels only for benchmark K and post-fit metrics
mouse_retina__clubench_bridge,mouse_retina,archived_sota_bridge_eligible,V19_scmae_only,fresh_postfreeze_v19,acc,0.9814016602809706,0.0004838903118208672,3,result/V19/v19_rg_final_postfreeze_rel_both2_20260810,fresh post-freeze V19 run; labels only for benchmark K and post-fit metrics
mouse_retina__rg_native,mouse_retina,internal_rg_native_only,V19_rg_constant_gate,fresh_postfreeze_v19,ari,0.9451240107023178,0.01166204816433,3,result/V19/v19_rg_final_postfreeze_rel_both2_20260810,fresh post-freeze V19 run; labels only for benchmark K and post-fit metrics
mouse_retina__rg_native,mouse_retina,internal_rg_native_only,V19_rg_constant_gate,fresh_postfreeze_v19,nmi,0.9071897779861944,0.016847161854913653,3,result/V19/v19_rg_final_postfreeze_rel_both2_20260810,fresh post-freeze V19 run; labels only for benchmark K and post-fit metrics
mouse_retina__rg_native,mouse_retina,internal_rg_native_only,V19_rg_constant_gate,fresh_postfreeze_v19,acc,0.9848738825031929,0.003226840522141949,3,result/V19/v19_rg_final_postfreeze_rel_both2_20260810,fresh post-freeze V19 run; labels only for benchmark K and post-fit metrics
mouse_retina__rg_native,mouse_retina,internal_rg_native_only,V19_rg_default,fresh_postfreeze_v19,ari,0.9405244957585513,0.010703162767998216,3,result/V19/v19_rg_final_postfreeze_rel_both2_20260810,fresh post-freeze V19 run; labels only for benchmark K and post-fit metrics
mouse_retina__rg_native,mouse_retina,internal_rg_native_only,V19_rg_default,fresh_postfreeze_v19,nmi,0.9023248906034649,0.016146507751487855,3,result/V19/v19_rg_final_postfreeze_rel_both2_20260810,fresh post-freeze V19 run; labels only for benchmark K and post-fit metrics
mouse_retina__rg_native,mouse_retina,internal_rg_native_only,V19_rg_default,fresh_postfreeze_v19,acc,0.9837164750957854,0.0030218940287653033,3,result/V19/v19_rg_final_postfreeze_rel_both2_20260810,fresh post-freeze V19 run; labels only for benchmark K and post-fit metrics
mouse_retina__rg_native,mouse_retina,internal_rg_native_only,V19_rg_full,fresh_postfreeze_v19,ari,0.9419665132377261,0.009781257171809641,3,result/V19/v19_rg_final_postfreeze_rel_both2_20260810,fresh post-freeze V19 run; labels only for benchmark K and post-fit metrics
mouse_retina__rg_native,mouse_retina,internal_rg_native_only,V19_rg_full,fresh_postfreeze_v19,nmi,0.9046308824704538,0.015855707089177336,3,result/V19/v19_rg_final_postfreeze_rel_both2_20260810,fresh post-freeze V19 run; labels only for benchmark K and post-fit metrics
mouse_retina__rg_native,mouse_retina,internal_rg_native_only,V19_rg_full,fresh_postfreeze_v19,acc,0.9841155810983397,0.002720662031793464,3,result/V19/v19_rg_final_postfreeze_rel_both2_20260810,fresh post-freeze V19 run; labels only for benchmark K and post-fit metrics
mouse_retina__rg_native,mouse_retina,internal_rg_native_only,V19_rg_nomix,fresh_postfreeze_v19,ari,0.9551773863698643,0.0013377880792237113,3,result/V19/v19_rg_final_postfreeze_rel_both2_20260810,fresh post-freeze V19 run; labels only for benchmark K and post-fit metrics
mouse_retina__rg_native,mouse_retina,internal_rg_native_only,V19_rg_nomix,fresh_postfreeze_v19,nmi,0.9233162387149108,0.0026933321159880006,3,result/V19/v19_rg_final_postfreeze_rel_both2_20260810,fresh post-freeze V19 run; labels only for benchmark K and post-fit metrics
mouse_retina__rg_native,mouse_retina,internal_rg_native_only,V19_rg_nomix,fresh_postfreeze_v19,acc,0.9876277139208174,0.0002492416187100565,3,result/V19/v19_rg_final_postfreeze_rel_both2_20260810,fresh post-freeze V19 run; labels only for benchmark K and post-fit metrics
mouse_retina__rg_native,mouse_retina,internal_rg_native_only,V19_rg_reliability_off,fresh_postfreeze_v19,ari,0.9419919513270277,0.00999785777756688,3,result/V19/v19_rg_final_postfreeze_rel_both2_20260810,fresh post-freeze V19 run; labels only for benchmark K and post-fit metrics
mouse_retina__rg_native,mouse_retina,internal_rg_native_only,V19_rg_reliability_off,fresh_postfreeze_v19,nmi,0.9023332149452865,0.014673301740601538,3,result/V19/v19_rg_final_postfreeze_rel_both2_20260810,fresh post-freeze V19 run; labels only for benchmark K and post-fit metrics
mouse_retina__rg_native,mouse_retina,internal_rg_native_only,V19_rg_reliability_off,fresh_postfreeze_v19,acc,0.9839958492975734,0.002637725357895638,3,result/V19/v19_rg_final_postfreeze_rel_both2_20260810,fresh post-freeze V19 run; labels only for benchmark K and post-fit metrics
mouse_retina__rg_native,mouse_retina,internal_rg_native_only,V19_scmae_only,fresh_postfreeze_v19,ari,0.9551773863698643,0.0013377880792237113,3,result/V19/v19_rg_final_postfreeze_rel_both2_20260810,fresh post-freeze V19 run; labels only for benchmark K and post-fit metrics
mouse_retina__rg_native,mouse_retina,internal_rg_native_only,V19_scmae_only,fresh_postfreeze_v19,nmi,0.9233162387149108,0.0026933321159880006,3,result/V19/v19_rg_final_postfreeze_rel_both2_20260810,fresh post-freeze V19 run; labels only for benchmark K and post-fit metrics
mouse_retina__rg_native,mouse_retina,internal_rg_native_only,V19_scmae_only,fresh_postfreeze_v19,acc,0.9876277139208174,0.0002492416187100565,3,result/V19/v19_rg_final_postfreeze_rel_both2_20260810,fresh post-freeze V19 run; labels only for benchmark K and post-fit metrics
sentiment_labeld_sentences__shared_text,sentiment_labeld_sentences,archived_sota_bridge_eligible,V19_rg_constant_gate,fresh_postfreeze_v19,ari,0.009458959943580014,0.006353477374232675,3,result/V19/v19_rg_final_postfreeze_rel_both2_20260810,fresh post-freeze V19 run; labels only for benchmark K and post-fit metrics
sentiment_labeld_sentences__shared_text,sentiment_labeld_sentences,archived_sota_bridge_eligible,V19_rg_constant_gate,fresh_postfreeze_v19,nmi,0.007905082953791902,0.004864698753318118,3,result/V19/v19_rg_final_postfreeze_rel_both2_20260810,fresh post-freeze V19 run; labels only for benchmark K and post-fit metrics
sentiment_labeld_sentences__shared_text,sentiment_labeld_sentences,archived_sota_bridge_eligible,V19_rg_constant_gate,fresh_postfreeze_v19,acc,0.5475497331392528,0.0167447199677219,3,result/V19/v19_rg_final_postfreeze_rel_both2_20260810,fresh post-freeze V19 run; labels only for benchmark K and post-fit metrics
sentiment_labeld_sentences__shared_text,sentiment_labeld_sentences,archived_sota_bridge_eligible,V19_rg_default,fresh_postfreeze_v19,ari,0.0014884589389522669,0.0009661658891308911,3,result/V19/v19_rg_final_postfreeze_rel_both2_20260810,fresh post-freeze V19 run; labels only for benchmark K and post-fit metrics
sentiment_labeld_sentences__shared_text,sentiment_labeld_sentences,archived_sota_bridge_eligible,V19_rg_default,fresh_postfreeze_v19,nmi,0.0015997292039326644,0.0007010821050494451,3,result/V19/v19_rg_final_postfreeze_rel_both2_20260810,fresh post-freeze V19 run; labels only for benchmark K and post-fit metrics
sentiment_labeld_sentences__shared_text,sentiment_labeld_sentences,archived_sota_bridge_eligible,V19_rg_default,fresh_postfreeze_v19,acc,0.5208636584182436,0.00536471236960114,3,result/V19/v19_rg_final_postfreeze_rel_both2_20260810,fresh post-freeze V19 run; labels only for benchmark K and post-fit metrics
sentiment_labeld_sentences__shared_text,sentiment_labeld_sentences,archived_sota_bridge_eligible,V19_rg_full,fresh_postfreeze_v19,ari,0.002031705615356705,0.001126386537245059,3,result/V19/v19_rg_final_postfreeze_rel_both2_20260810,fresh post-freeze V19 run; labels only for benchmark K and post-fit metrics
sentiment_labeld_sentences__shared_text,sentiment_labeld_sentences,archived_sota_bridge_eligible,V19_rg_full,fresh_postfreeze_v19,nmi,0.0020432779677852647,0.0008198443253658781,3,result/V19/v19_rg_final_postfreeze_rel_both2_20260810,fresh post-freeze V19 run; labels only for benchmark K and post-fit metrics
sentiment_labeld_sentences__shared_text,sentiment_labeld_sentences,archived_sota_bridge_eligible,V19_rg_full,fresh_postfreeze_v19,acc,0.5237748665696264,0.006114547870513639,3,result/V19/v19_rg_final_postfreeze_rel_both2_20260810,fresh post-freeze V19 run; labels only for benchmark K and post-fit metrics
sentiment_labeld_sentences__shared_text,sentiment_labeld_sentences,archived_sota_bridge_eligible,V19_rg_nomix,fresh_postfreeze_v19,ari,0.009099036260377884,0.002728657127480168,3,result/V19/v19_rg_final_postfreeze_rel_both2_20260810,fresh post-freeze V19 run; labels only for benchmark K and post-fit metrics
sentiment_labeld_sentences__shared_text,sentiment_labeld_sentences,archived_sota_bridge_eligible,V19_rg_nomix,fresh_postfreeze_v19,nmi,0.008041723124260075,0.001865660665082777,3,result/V19/v19_rg_final_postfreeze_rel_both2_20260810,fresh post-freeze V19 run; labels only for benchmark K and post-fit metrics
sentiment_labeld_sentences__shared_text,sentiment_labeld_sentences,archived_sota_bridge_eligible,V19_rg_nomix,fresh_postfreeze_v19,acc,0.5481562348374576,0.00738937137822319,3,result/V19/v19_rg_final_postfreeze_rel_both2_20260810,fresh post-freeze V19 run; labels only for benchmark K and post-fit metrics
sentiment_labeld_sentences__shared_text,sentiment_labeld_sentences,archived_sota_bridge_eligible,V19_rg_reliability_off,fresh_postfreeze_v19,ari,0.0018009856646110454,0.0013242255124457478,3,result/V19/v19_rg_final_postfreeze_rel_both2_20260810,fresh post-freeze V19 run; labels only for benchmark K and post-fit metrics
sentiment_labeld_sentences__shared_text,sentiment_labeld_sentences,archived_sota_bridge_eligible,V19_rg_reliability_off,fresh_postfreeze_v19,nmi,0.0018166365893522354,0.000962761950751603,3,result/V19/v19_rg_final_postfreeze_rel_both2_20260810,fresh post-freeze V19 run; labels only for benchmark K and post-fit metrics
sentiment_labeld_sentences__shared_text,sentiment_labeld_sentences,archived_sota_bridge_eligible,V19_rg_reliability_off,fresh_postfreeze_v19,acc,0.5224405628335759,0.006732988397078104,3,result/V19/v19_rg_final_postfreeze_rel_both2_20260810,fresh post-freeze V19 run; labels only for benchmark K and post-fit metrics
sentiment_labeld_sentences__shared_text,sentiment_labeld_sentences,archived_sota_bridge_eligible,V19_scmae_only,fresh_postfreeze_v19,ari,0.009099036260377884,0.002728657127480168,3,result/V19/v19_rg_final_postfreeze_rel_both2_20260810,fresh post-freeze V19 run; labels only for benchmark K and post-fit metrics
sentiment_labeld_sentences__shared_text,sentiment_labeld_sentences,archived_sota_bridge_eligible,V19_scmae_only,fresh_postfreeze_v19,nmi,0.008041723124260075,0.001865660665082777,3,result/V19/v19_rg_final_postfreeze_rel_both2_20260810,fresh post-freeze V19 run; labels only for benchmark K and post-fit metrics
sentiment_labeld_sentences__shared_text,sentiment_labeld_sentences,archived_sota_bridge_eligible,V19_scmae_only,fresh_postfreeze_v19,acc,0.5481562348374576,0.00738937137822319,3,result/V19/v19_rg_final_postfreeze_rel_both2_20260810,fresh post-freeze V19 run; labels only for benchmark K and post-fit metrics
sms_spam_collection__shared_text,sms_spam_collection,archived_sota_bridge_eligible,V19_rg_constant_gate,fresh_postfreeze_v19,ari,0.841964750119723,0.024042295849307893,3,result/V19/v19_rg_final_postfreeze_rel_both2_20260810,fresh post-freeze V19 run; labels only for benchmark K and post-fit metrics
sms_spam_collection__shared_text,sms_spam_collection,archived_sota_bridge_eligible,V19_rg_constant_gate,fresh_postfreeze_v19,nmi,0.7039186516867713,0.03975637778583918,3,result/V19/v19_rg_final_postfreeze_rel_both2_20260810,fresh post-freeze V19 run; labels only for benchmark K and post-fit metrics
sms_spam_collection__shared_text,sms_spam_collection,archived_sota_bridge_eligible,V19_rg_constant_gate,fresh_postfreeze_v19,acc,0.9716566866267465,0.004840062136919036,3,result/V19/v19_rg_final_postfreeze_rel_both2_20260810,fresh post-freeze V19 run; labels only for benchmark K and post-fit metrics
sms_spam_collection__shared_text,sms_spam_collection,archived_sota_bridge_eligible,GCEALS,archived_external_reference,ari,0.7665686103989398,,1,result/baseline_comparison/summary.csv,archived baseline CSV; not a fresh matched V19 rerun
sms_spam_collection__shared_text,sms_spam_collection,archived_sota_bridge_eligible,GCEALS,archived_external_reference,nmi,0.5965256289974562,,1,result/baseline_comparison/summary.csv,archived baseline CSV; not a fresh matched V19 rerun
sms_spam_collection__shared_text,sms_spam_collection,archived_sota_bridge_eligible,GCEALS,archived_external_reference,acc,0.9580838323353293,,1,result/baseline_comparison/summary.csv,archived baseline CSV; not a fresh matched V19 rerun
sms_spam_collection__shared_text,sms_spam_collection,archived_sota_bridge_eligible,IDC,archived_external_reference,ari,0.12068127546555851,,1,result/baseline_comparison/summary.csv,archived baseline CSV; not a fresh matched V19 rerun
sms_spam_collection__shared_text,sms_spam_collection,archived_sota_bridge_eligible,IDC,archived_external_reference,nmi,0.1809188974868605,,1,result/baseline_comparison/summary.csv,archived baseline CSV; not a fresh matched V19 rerun
sms_spam_collection__shared_text,sms_spam_collection,archived_sota_bridge_eligible,IDC,archived_external_reference,acc,0.6778443113772455,,1,result/baseline_comparison/summary.csv,archived baseline CSV; not a fresh matched V19 rerun
sms_spam_collection__shared_text,sms_spam_collection,archived_sota_bridge_eligible,TableDC,archived_external_reference,ari,0.290792925125099,,1,result/baseline_comparison/summary.csv,archived baseline CSV; not a fresh matched V19 rerun
sms_spam_collection__shared_text,sms_spam_collection,archived_sota_bridge_eligible,TableDC,archived_external_reference,nmi,0.19553483141747718,,1,result/baseline_comparison/summary.csv,archived baseline CSV; not a fresh matched V19 rerun
sms_spam_collection__shared_text,sms_spam_collection,archived_sota_bridge_eligible,TableDC,archived_external_reference,acc,0.8011976047904191,,1,result/baseline_comparison/summary.csv,archived baseline CSV; not a fresh matched V19 rerun
sms_spam_collection__shared_text,sms_spam_collection,archived_sota_bridge_eligible,TopoGate,archived_external_reference,ari,0.8606177056057682,,1,result/baseline_comparison/summary.csv,archived baseline CSV; not a fresh matched V19 rerun
sms_spam_collection__shared_text,sms_spam_collection,archived_sota_bridge_eligible,TopoGate,archived_external_reference,nmi,0.725877897909459,,1,result/baseline_comparison/summary.csv,archived baseline CSV; not a fresh matched V19 rerun
sms_spam_collection__shared_text,sms_spam_collection,archived_sota_bridge_eligible,TopoGate,archived_external_reference,acc,0.9748502994011976,,1,result/baseline_comparison/summary.csv,archived baseline CSV; not a fresh matched V19 rerun
sms_spam_collection__shared_text,sms_spam_collection,archived_sota_bridge_eligible,ZEUS,archived_external_reference,ari,0.057241885447411926,,1,result/baseline_comparison/summary.csv,archived baseline CSV; not a fresh matched V19 rerun
sms_spam_collection__shared_text,sms_spam_collection,archived_sota_bridge_eligible,ZEUS,archived_external_reference,nmi,0.0906606657258207,,1,result/baseline_comparison/summary.csv,archived baseline CSV; not a fresh matched V19 rerun
sms_spam_collection__shared_text,sms_spam_collection,archived_sota_bridge_eligible,ZEUS,archived_external_reference,acc,0.6215568862275449,,1,result/baseline_comparison/summary.csv,archived baseline CSV; not a fresh matched V19 rerun
sms_spam_collection__shared_text,sms_spam_collection,archived_sota_bridge_eligible,V19_rg_default,fresh_postfreeze_v19,ari,0.8265753003234926,0.011020890338182017,3,result/V19/v19_rg_final_postfreeze_rel_both2_20260810,fresh post-freeze V19 run; labels only for benchmark K and post-fit metrics
sms_spam_collection__shared_text,sms_spam_collection,archived_sota_bridge_eligible,V19_rg_default,fresh_postfreeze_v19,nmi,0.6877025149928188,0.025005439275933284,3,result/V19/v19_rg_final_postfreeze_rel_both2_20260810,fresh post-freeze V19 run; labels only for benchmark K and post-fit metrics
sms_spam_collection__shared_text,sms_spam_collection,archived_sota_bridge_eligible,V19_rg_default,fresh_postfreeze_v19,acc,0.9692614770459081,0.0024930131730133364,3,result/V19/v19_rg_final_postfreeze_rel_both2_20260810,fresh post-freeze V19 run; labels only for benchmark K and post-fit metrics
sms_spam_collection__shared_text,sms_spam_collection,archived_sota_bridge_eligible,V19_rg_full,fresh_postfreeze_v19,ari,0.8343306831872713,0.005289878193813226,3,result/V19/v19_rg_final_postfreeze_rel_both2_20260810,fresh post-freeze V19 run; labels only for benchmark K and post-fit metrics
sms_spam_collection__shared_text,sms_spam_collection,archived_sota_bridge_eligible,V19_rg_full,fresh_postfreeze_v19,nmi,0.6963702854362517,0.005668767972765432,3,result/V19/v19_rg_final_postfreeze_rel_both2_20260810,fresh post-freeze V19 run; labels only for benchmark K and post-fit metrics
sms_spam_collection__shared_text,sms_spam_collection,archived_sota_bridge_eligible,V19_rg_full,fresh_postfreeze_v19,acc,0.9704590818363273,0.0006914374481313066,3,result/V19/v19_rg_final_postfreeze_rel_both2_20260810,fresh post-freeze V19 run; labels only for benchmark K and post-fit metrics
sms_spam_collection__shared_text,sms_spam_collection,archived_sota_bridge_eligible,V19_rg_nomix,fresh_postfreeze_v19,ari,0.8342489773101025,0.011238591468276944,3,result/V19/v19_rg_final_postfreeze_rel_both2_20260810,fresh post-freeze V19 run; labels only for benchmark K and post-fit metrics
sms_spam_collection__shared_text,sms_spam_collection,archived_sota_bridge_eligible,V19_rg_nomix,fresh_postfreeze_v19,nmi,0.6939425096061648,0.022473933417242964,3,result/V19/v19_rg_final_postfreeze_rel_both2_20260810,fresh post-freeze V19 run; labels only for benchmark K and post-fit metrics
sms_spam_collection__shared_text,sms_spam_collection,archived_sota_bridge_eligible,V19_rg_nomix,fresh_postfreeze_v19,acc,0.9704590818363273,0.0024930131730133364,3,result/V19/v19_rg_final_postfreeze_rel_both2_20260810,fresh post-freeze V19 run; labels only for benchmark K and post-fit metrics
sms_spam_collection__shared_text,sms_spam_collection,archived_sota_bridge_eligible,V19_rg_reliability_off,fresh_postfreeze_v19,ari,0.8328541291579878,0.015860539154133258,3,result/V19/v19_rg_final_postfreeze_rel_both2_20260810,fresh post-freeze V19 run; labels only for benchmark K and post-fit metrics
sms_spam_collection__shared_text,sms_spam_collection,archived_sota_bridge_eligible,V19_rg_reliability_off,fresh_postfreeze_v19,nmi,0.6888190327606447,0.026112532703252308,3,result/V19/v19_rg_final_postfreeze_rel_both2_20260810,fresh post-freeze V19 run; labels only for benchmark K and post-fit metrics
sms_spam_collection__shared_text,sms_spam_collection,archived_sota_bridge_eligible,V19_rg_reliability_off,fresh_postfreeze_v19,acc,0.9700598802395209,0.003168564444388752,3,result/V19/v19_rg_final_postfreeze_rel_both2_20260810,fresh post-freeze V19 run; labels only for benchmark K and post-fit metrics
sms_spam_collection__shared_text,sms_spam_collection,archived_sota_bridge_eligible,V19_scmae_only,fresh_postfreeze_v19,ari,0.8342489773101025,0.011238591468276944,3,result/V19/v19_rg_final_postfreeze_rel_both2_20260810,fresh post-freeze V19 run; labels only for benchmark K and post-fit metrics
sms_spam_collection__shared_text,sms_spam_collection,archived_sota_bridge_eligible,V19_scmae_only,fresh_postfreeze_v19,nmi,0.6939425096061648,0.022473933417242964,3,result/V19/v19_rg_final_postfreeze_rel_both2_20260810,fresh post-freeze V19 run; labels only for benchmark K and post-fit metrics
sms_spam_collection__shared_text,sms_spam_collection,archived_sota_bridge_eligible,V19_scmae_only,fresh_postfreeze_v19,acc,0.9704590818363273,0.0024930131730133364,3,result/V19/v19_rg_final_postfreeze_rel_both2_20260810,fresh post-freeze V19 run; labels only for benchmark K and post-fit metrics
