ahdpc_acc,ahdpc_ami,ahdpc_ari,ahdpc_fmi,ahdpc_n,ahdpc_nmi,ahdpc_ri,dataset,hdpc_acc,hdpc_ami,hdpc_ari,hdpc_fmi,hdpc_n,hdpc_nmi,hdpc_ri,v9_acc_mean,v9_acc_std,v9_ami_mean,v9_ami_std,v9_ari_mean,v9_ari_std,v9_fmi_mean,v9_fmi_std,v9_minus_ahdpc_acc,v9_minus_ahdpc_ami,v9_minus_ahdpc_ari,v9_minus_ahdpc_fmi,v9_minus_ahdpc_nmi,v9_minus_ahdpc_ri,v9_minus_hdpc_acc,v9_minus_hdpc_ami,v9_minus_hdpc_ari,v9_minus_hdpc_fmi,v9_minus_hdpc_nmi,v9_minus_hdpc_ri,v9_n,v9_nmi_mean,v9_nmi_std,v9_ri_mean,v9_ri_std
0.964403427818062,0.9729502961165467,0.9457401164182085,0.9492313763418658,1,0.9741047966723746,0.9942420379063663,2d_20c_no0,0.99340804218853,0.9902039935016205,0.9881112704448106,0.9887601256945578,1,0.9906361531409853,0.9987737914888954,0.7969676994067237,0.01026879494225262,0.8927661801574898,0.004361005186624057,0.7631170528133611,0.006163661846924065,0.7782338203814048,0.0062369473366493755,-0.16743572841133825,-0.08018411595905695,-0.18262306360484748,-0.17099755596046107,-0.07652930434884919,-0.020124023888744902,-0.19644034278180622,-0.09743781334413071,-0.22499421763144956,-0.21052630531315308,-0.0930606608174599,-0.02465577747127401,3,0.8975754923235254,0.004174762559944571,0.9741180140176214,0.0004958087787394495
0.7358053302433372,0.8144366031806852,0.7054817332307585,0.8069245888316954,1,0.8152243851517282,0.8706261274946028,2d_4c_no4,0.9988412514484357,0.9929674963585574,0.9958742561180184,0.9973935811705607,1,0.9930004189819934,0.9980804026315153,0.8964851293935882,0.007348898258184805,0.7555793512306289,0.01125118263442217,0.6825374068177448,0.019369274301745676,0.7976782625487012,0.012351061043940707,0.160679799150251,-0.05885725195005631,-0.022944326413013694,-0.009246326282994155,-0.05851012192514149,-0.017366889544288333,-0.10235612205484756,-0.2373881451279285,-0.3133368493002736,-0.19971531862185943,-0.23628615575540668,-0.14482116468120088,3,0.7567142632265867,0.01119998856878815,0.8532592379503144,0.008954388831329357
0.9794520547945206,0.9504333793882613,0.9616131367080729,0.9722796476447687,1,0.9506265181194327,0.9846418786692759,2d_4c_no9,0.9794520547945206,0.9504333793882613,0.9616131367080729,0.9722796476447687,1,0.9506265181194327,0.9846418786692759,0.8420852359208523,0.002847532257818844,0.8443795517091178,0.0059884676381897085,0.8075788088540458,0.004603579393617662,0.8609688247918418,0.0033975219392917404,-0.1373668188736683,-0.10605382767914351,-0.15403432785402715,-0.11131082285292693,-0.1056393322690633,-0.06177603826918887,-0.1373668188736683,-0.10605382767914351,-0.15403432785402715,-0.11131082285292693,-0.1056393322690633,-0.06177603826918887,3,0.8449871858503694,0.0059654300001449265,0.922865840400087,0.0017771479028105056
1.0,1.0,1.0,1.0,1,1.0,1.0,aggregation,0.8477157360406091,0.9019700230847433,0.7689220313274784,0.818821257703613,1,0.9032997431961352,0.9276311121717762,0.7233502538071065,0.007471878905522711,0.7528420221411024,0.0038226714594659073,0.5796844844981669,0.0064809071567973105,0.6645713585843356,0.005269002773396643,-0.2766497461928935,-0.2471579778588976,-0.4203155155018331,-0.3354286414156644,-0.24382886796788705,-0.13147337121627467,-0.12436548223350263,-0.14912800094364087,-0.1892375468293115,-0.15424989911927744,-0.1471286111640222,-0.059104483388050855,3,0.756171132032113,0.003772324356296077,0.8685266287837253,0.0021551381493805683
0.989,0.9659663478760001,0.9723361309992419,0.9778659669159774,1,0.9661367379392525,0.9911511511511512,asymmetric,0.988,0.9636135849660988,0.9699709839045707,0.9759737837522107,1,0.9637957560143088,0.9903943943943944,0.64,0.09188035698668132,0.6532665607714446,0.03598102609659825,0.5323813073087422,0.056145981474437875,0.6315976073104247,0.04165167780213778,-0.349,-0.3126997871045555,-0.43995482369049965,-0.3462683596055527,-0.31110765891406345,-0.14668802135468795,-0.348,-0.3103470241946542,-0.4375896765958285,-0.344376176441786,-0.30876667698911975,-0.14593126459793115,3,0.655029079025189,0.03579518882299356,0.8444631297964632,0.022232305956341993
0.5328,0.044389632901436736,0.015174479597886016,0.5891113721449802,1,0.04898488546180592,0.46781538461538463,balance_scale,0.624,0.2631612358548707,0.33893150550971274,0.6029894020665526,1,0.265589725568104,0.6816717948717949,0.5461333333333332,0.0513054469709493,0.17458497991049526,0.07957426254487913,0.1908439302387874,0.073938381484029,0.4992677814373609,0.046609720939693476,0.013333333333333197,0.13019534700905852,0.1756694506409014,-0.08984359070761933,0.1282536396632029,0.14635726495726487,-0.07786666666666675,-0.08857625594437546,-0.14808757527092534,-0.10372162062919171,-0.08835120044309516,-0.06749914529914536,3,0.17723852512500884,0.07931933772432317,0.6141726495726495,0.0352162889246575
0.9905247813411079,0.9316397655826222,0.9624275145419924,0.9813964155745356,1,0.931676018604076,0.9812154308425465,banknote,0.8950437317784257,0.6091585973817567,0.6239245668637312,0.8139047466495641,1,0.6093659753109124,0.8119820607205057,0.5541788143828961,0.012402574361613442,0.0096035747704877,0.004711105990214796,0.01160914633237149,0.0056018482897161985,0.5092413854031662,0.0031404542502611564,-0.4363459669582118,-0.9220361908121345,-0.9508183682096208,-0.4721550301713694,-0.9215482344813561,-0.47539728614171517,-0.3408649173955296,-0.599555022611269,-0.6123154205313597,-0.3046633612463979,-0.5992381911881925,-0.3061639160196744,3,0.010127784122719818,0.004708889041357552,0.5058181447008313,0.00280849625552958
1.0,1.0,1.0,1.0,1,1.0,1.0,dim064,1.0,1.0,1.0,1.0,1,1.0,1.0,0.9983723958333334,0.0012179874305904756,0.9974117007616655,0.0018941020979409107,0.9965480363630581,0.0025779139652711935,0.9967606475284057,0.0024191328753036963,-0.0016276041666666297,-0.0025882992383344794,-0.0034519636369418905,-0.003239352471594348,-0.002478605882727636,-0.00039902553763437876,-0.0016276041666666297,-0.0025882992383344794,-0.0034519636369418905,-0.003239352471594348,-0.002478605882727636,-0.00039902553763437876,3,0.9975213941172724,0.0018138286320309185,0.9996009744623656,0.00029799630202106167
1.0,1.0,1.0,1.0,1,1.0,1.0,dim512,1.0,1.0,1.0,1.0,1,1.0,1.0,1.0,0.0,1.0,0.0,1.0,0.0,1.0,0.0,0.0,0.0,0.0,0.0,0.0,0.0,0.0,0.0,0.0,0.0,0.0,0.0,3,1.0,0.0,1.0,0.0
0.9916666666666667,0.9352559576911484,0.9666114931403132,0.9845920491740029,1,0.9354643343418292,0.9834030683403069,flame,0.9375,0.7009472567287504,0.7619715369746841,0.8950233927549399,1,0.7019404283069313,0.8823221757322176,0.6847222222222222,0.0019641855032959585,0.1358563471799443,0.007519783818542905,0.13242592070039383,0.0028510238488306215,0.5832463533614756,0.0018541988027249744,-0.30694444444444446,-0.7993996105112041,-0.8341855724399194,-0.4013456958125273,-0.7969062602364672,-0.416957229195723,-0.25277777777777777,-0.565090909548806,-0.6295456162742903,-0.31177703939346435,-0.5633823542015692,-0.3158763365876337,3,0.13855807410536208,0.007500409065922764,0.5664458391445839,0.0014628661907392668
0.6308411214953271,0.6378666033209599,0.4094771286515583,0.5572431644318379,1,0.6531106567960322,0.7785090605940942,glass,0.5934579439252337,0.6271744650078321,0.43954785604429514,0.5680039997988939,1,0.6420634294442784,0.8063270589267694,0.4517133956386292,0.002202824863509494,0.6225285428377283,0.014904309243973329,0.3904035144222399,0.008018432902762086,0.531517626592847,0.006583714987567412,-0.1791277258566979,-0.015338060483231608,-0.01907361422931836,-0.025725537838990897,-0.015280332606945946,0.006172026969710087,-0.14174454828660443,-0.0046459221701038445,-0.04914434162205522,-0.036486373206046974,-0.00423310525519216,-0.02164597136296509,3,0.6378303241890863,0.014317912448345162,0.7846810875638043,0.0024314686276829694
0.6190476190476191,0.5499166642557529,0.41958492389008345,0.5065515807865817,1,0.571787756024093,0.8530416951469583,image_segment,0.5571428571428572,0.5594933263358518,0.41971863485863264,0.5115986995017632,1,0.5813759240670884,0.8475734791524265,0.4952380952380952,0.026937401188058936,0.3505036423018386,0.013180715898682633,0.2711652211731086,0.03487320369502169,0.3776631466980995,0.029844879456921058,-0.12380952380952387,-0.1994130219539143,-0.14841970271697486,-0.12888843408848216,-0.18987997873901657,-0.03470798207640313,-0.06190476190476196,-0.2089896840340132,-0.14855341368552405,-0.13393555280366365,-0.1994681467820119,-0.0292397660818714,3,0.38190777728507647,0.012590803323386598,0.8183337130705551,0.00872008963933095
0.6719278466741826,0.5429420649008826,0.5132004744736848,0.6381916914372465,1,0.5437494320361912,0.8202918007260693,landsat,0.6514092446448704,0.5448065023682285,0.46981846185076626,0.6017140821075029,1,0.545662943084573,0.806317585898451,0.7089064261555805,0.003145952579700349,0.6304635016535832,0.0038350960798122662,0.5379929329249283,0.004904229713079485,0.6323841110589031,0.0038479950733994648,0.03697857948139793,0.08752143675270063,0.02479245845124356,-0.005807580378343391,0.0873337865464825,0.030190270698712385,0.05749718151071015,0.08565699928535475,0.06817447107416208,0.030670028951400252,0.08542027549810072,0.04416448552633068,3,0.6310832185826737,0.003828847645654849,0.8504820714247817,0.0018175499517685911
0.37222222222222223,0.5375252462583527,0.27876199932667006,0.3617814141138787,1,0.5901344816618952,0.8724698235840297,libras_movement,0.39444444444444443,0.5159980160372243,0.2716673776799972,0.3442816705731991,1,0.5707422050304599,0.8819560507582792,0.35833333333333334,0.006000685831859135,0.4389782680496574,0.006275114554953252,0.21509272837865587,0.00815070832266815,0.27500057330117156,0.00809520525631739,-0.013888888888888895,-0.09854697820869535,-0.0636692709480142,-0.08678084081270715,-0.08447775561891568,0.019307747859280022,-0.036111111111111094,-0.07701974798756689,-0.056574649301341345,-0.06928109727202753,-0.0650854789874804,0.009821520685030505,3,0.5056567260429795,0.005609586170813408,0.8917775714433097,0.0006668466980786696
0.655,0.7836272752320084,0.49988560835821594,0.5430797165404616,1,0.8652968202920827,0.9678696741854637,olivetti_faces,0.6775,0.8076399789570198,0.5697854485612157,0.6004956827834481,1,0.8815584066354704,0.9749498746867168,0.285,0.0040824829046386115,0.23768367922311553,0.010986522324780899,0.1103018401104718,0.005131114740299315,0.13425013798062108,0.0061242200349991265,-0.37000000000000005,-0.5459435960088929,-0.38958376824774416,-0.40882957855984053,-0.3287623894045092,-0.01294486215538837,-0.3925,-0.5699562997339043,-0.45948360845074393,-0.46624554480282704,-0.3450239757478969,-0.0200250626566415,3,0.5365344308875735,0.0031007267395379815,0.9549248120300753,0.0011613415986461188
0.8664041994750656,0.46298433446798465,0.5357832983346237,0.783966348726502,1,0.46309142328749847,0.7684432987488535,rice,0.8346456692913385,0.4165335505003305,0.4456161928055956,0.7526802980188639,1,0.4166535898393901,0.7239029815418517,0.7573053368328959,0.023501523322337126,0.24002293546861467,0.013945800057686397,0.2664010662585181,0.047407619624816724,0.6422941828088612,0.016849577048431992,-0.10909886264216972,-0.22296139899936998,-0.26938223207610557,-0.14167216591764076,-0.22292192294728694,-0.13502279791817828,-0.07734033245844263,-0.1765106150317158,-0.1792151265470775,-0.11038611521000274,-0.17648408949917857,-0.09048248071117648,3,0.24016950034021153,0.01394127089310574,0.6334205008306752,0.02343026807737964
0.8120300751879699,0.7076139184117366,0.5565662025926064,0.7136347709671738,1,0.7097017063418887,0.7971343452972053,smile,0.8120300751879699,0.7076139184117366,0.5565662025926064,0.7136347709671738,1,0.7097017063418887,0.7971343452972053,0.7105263157894736,0.012278144074101143,0.5057671289579354,0.012616770252701531,0.37068904281385695,0.015532303475950552,0.6003216560467308,0.00809054168330288,-0.10150375939849632,-0.2018467894538012,-0.1858771597787494,-0.11331311492044294,-0.2003223517135001,-0.08905282073107301,-0.10150375939849632,-0.2018467894538012,-0.1858771597787494,-0.11331311492044294,-0.2003223517135001,-0.08905282073107301,3,0.5093793546283886,0.01250303710265071,0.7080815245661323,0.0082786852832231
0.6404494382022472,-0.002722153187635258,-0.015366809057571307,0.6452475203691258,1,0.0008609814147844482,0.5377207062600321,spect_heart,0.5767790262172284,0.0034352065314664482,-0.027440156151670243,0.6065734921266969,1,0.006773875430876751,0.5099546619357382,0.7652933832709113,0.015391795263343252,0.14533045562316163,0.008810111454010224,0.24593617568101855,0.02353556467606475,0.7114403666775398,0.016886216964236977,0.12484394506866414,0.14805260881079688,0.26130298473858987,0.06619284630841404,0.14733104095935812,0.10216552617498809,0.1885143570536829,0.14189524909169518,0.2733763318326888,0.10486687455084298,0.1414181469432658,0.12993157049928195,3,0.14819202237414256,0.008799306468317475,0.6398862324350202,0.01628414785857986
0.49742268041237114,0.011709759233629593,0.018176056178263858,0.49032844717323865,1,0.012114278301718035,0.5090505152867517,student_evaluation,0.4867697594501718,0.015516851043015223,0.029449208694106468,0.4713149353014134,1,0.015894487431227698,0.5185125276895394,0.42016036655211914,0.031637938542336055,0.007038757090452233,0.004691286414309473,0.004175445816031016,0.009204648196805408,0.4207023949998447,0.016469766969968255,-0.07726231386025201,-0.00467100214317736,-0.014000610362232841,-0.06962605217339396,-0.004721688908373753,0.002184119762511094,-0.06660939289805268,-0.00847809395256299,-0.02527376287807545,-0.0506125403015687,-0.008501898037883416,-0.007277892640276562,3,0.007392589393344282,0.004696884318908871,0.5112346350492628,0.004311342506259157
1.0,1.0,1.0,1.0,1,1.0,1.0,twodiamonds,1.0,1.0,1.0,1.0,1,1.0,1.0,0.99625,0.0017677669529663834,0.968813024057774,0.013129106193793243,0.985050040838027,0.007035678085533804,0.9925160009196002,0.003522009848870882,-0.003750000000000031,-0.03118697594222597,-0.014949959161972948,-0.007483999080399761,-0.03115880139455196,-0.0074749687108885965,-0.003750000000000031,-0.03118697594222597,-0.014949959161972948,-0.007483999080399761,-0.03115880139455196,-0.0074749687108885965,3,0.968841198605448,0.013117245023444673,0.9925250312891114,0.003517834111660261
0.9998461538461538,0.9993862441538686,0.999976887161302,0.9999834765654972,1,0.9993880247919359,0.9999905784321849,unbalance,0.9998461538461538,0.9993862441538686,0.999976887161302,0.9999834765654972,1,0.9993880247919359,0.9999905784321849,0.5037435897435897,0.00029009508971759043,0.7669168679456618,0.001343822073430886,0.5749934467063595,0.00010460046514834587,0.69414089721286,0.0001336409141702563,-0.49610256410256415,-0.23246937620820673,-0.4249834404549424,-0.30584257935263726,-0.23193630098967666,-0.14785476266565667,-0.49610256410256415,-0.23246937620820673,-0.4249834404549424,-0.30584257935263726,-0.23193630098967666,-0.14785476266565667,3,0.7674517238022592,0.0013412295671096839,0.8521358157665282,5.823036388796593e-05
0.40070921985815605,0.1786280587107057,0.08684910465078911,0.39295446685515173,1,0.18239370787106834,0.5707946899436261,vehicle,0.40543735224586286,0.15988615995302494,0.06852775592913109,0.40718125781658826,1,0.16389592153366686,0.5269237763509449,0.3951930654058313,0.021174198333403293,0.10906176909685944,0.006586001207389537,0.0748653631604413,0.008108252003588699,0.32072039394588,0.006921439351503759,-0.0055161544523247286,-0.06956628961384625,-0.01198374149034781,-0.07223407290927175,-0.06980274102925128,0.06733811741995044,-0.010244286840031536,-0.0508243908561655,0.006337607231310216,-0.08646086387070828,-0.0513049546918498,0.11120903101263169,3,0.11259096684181706,0.006563015038306009,0.6381328073635766,0.002183299090962958
0.7548387096774194,0.3015656528399042,0.2570261047436707,0.6518678526889896,1,0.3032845603705114,0.6286877544628876,vertebral_column,0.7354838709677419,0.27901165777199066,0.21815297986121088,0.635178091301926,1,0.2807916018943713,0.6096461008455998,0.7430107526881721,0.0030413194889743534,0.21630146835201158,0.009014245605452317,0.23399849286975907,0.005852463646778544,0.6398296988368068,0.002878301718865407,-0.011827956989247324,-0.08526418448789264,-0.02302761187391164,-0.012038153852182765,-0.08505887559349032,-0.011796638480008448,0.007526881720430145,-0.06271018941997908,0.015845513008548195,0.004651607534880808,-0.06256591711735024,0.007245015137279376,3,0.21822568477702106,0.00899123699758721,0.6168911159828792,0.0029527373679363463
0.6585365853658537,0.24839620394951265,0.29630356589536466,0.5846067747011653,1,0.24955949994187898,0.6584556781554906,website_phishing,0.5033259423503326,0.09161839613185274,0.0711708400433289,0.48523492217951497,1,0.09309689536643623,0.5409379551030583,0.620349839862035,0.044743773677246586,0.2547159237897663,0.03577987752670678,0.2928897261827423,0.04874370795165838,0.5751356518703726,0.03230398708993028,-0.03818674550381873,0.006319719840253674,-0.0034138397126223796,-0.009471122830792655,0.006286548265738545,0.00016618778344845708,0.11702389751170239,0.16309752765791358,0.22171888613941337,0.08990072969085766,0.1627491528411813,0.1176839108358807,3,0.2558460482076175,0.035730868181160294,0.658621865938939,0.02288375789969099
